order_id,sku,customer_id,order_date,quantity,unit_price,discount_percent,payment_method,order_status,store_city,gross_amount,discount_amount,net_amount
1,189870341-712-2,4174,4/28/2025,3,3311,0,Credit Card,DELIVERED,Kolkata,9933,0,9933
2,189870341-712-2,4507,3/6/2025,4,3311,20,COD,SHIPPED,Mumbai,13244,2648.8,10595.2
3,169630016-044-1,1860,5/26/2025,2,5801,15,Net Banking,SHIPPED,Bhubaneswar,11602,1740.3,9861.7
4,186626958-330-2,2294,6/26/2025,3,2315,15,Credit Card,PLACED,Mumbai,6945,1041.75,5903.25
5,162799308-500-1,2130,1/11/2025,1,5801,20,UPI,SHIPPED,Bengaluru,5801,1160.2,4640.8
6,169630016-044-1,2095,3/26/2025,1,5801,15,Debit Card,CANCELLED,Bengaluru,5801,870.15,4930.85
7,184208283-330-54,4772,1/26/2025,3,2481,15,UPI,SHIPPED,Chennai,7443,1116.45,6326.55
8,189870341-712-2,4092,3/4/2025,3,3311,15,Debit Card,DELIVERED,Bhubaneswar,9933,1489.95,8443.05
9,186626958-330-2,2638,3/27/2025,1,2315,5,Debit Card,DELIVERED,Ahmedabad,2315,115.75,2199.25
10,186626958-330-2,3169,2/28/2025,2,2315,20,Credit Card,SHIPPED,Chennai,4630,926,3704
11,186626958-330-2,1466,1/27/2025,4,2315,15,Credit Card,DELIVERED,Kolkata,9260,1389,7871
12,184208283-330-54,2238,6/26/2025,2,2481,20,UPI,PLACED,Chennai,4962,992.4,3969.6
13,189870341-712-2,1330,6/10/2025,3,3311,10,Debit Card,PLACED,New Delhi,9933,993.3,8939.7
14,189870341-712-2,2482,4/8/2025,2,3311,10,UPI,PLACED,Bengaluru,6622,662.2,5959.8
15,162799308-500-1,3135,4/15/2025,1,5801,15,Net Banking,DELIVERED,Bengaluru,5801,870.15,4930.85
16,184208283-330-54,4444,4/9/2025,3,2481,20,UPI,SHIPPED,Bhubaneswar,7443,1488.6,5954.4
17,169630016-044-1,4171,5/9/2025,4,5801,20,COD,DELIVERED,New Delhi,23204,4640.8,18563.2
18,186626958-330-2,3919,5/29/2025,1,2315,20,UPI,DELIVERED,Gurgaon,2315,463,1852
19,186626958-330-2,4735,2/24/2025,1,2315,5,COD,SHIPPED,Gurgaon,2315,115.75,2199.25
20,162799308-500-1,1130,1/6/2025,4,5801,10,COD,DELIVERED,Gurgaon,23204,2320.4,20883.6
21,186626958-330-2,2685,4/5/2025,4,2315,20,COD,DELIVERED,Bhubaneswar,9260,1852,7408
22,169630016-044-1,4380,5/13/2025,2,5801,20,Net Banking,PLACED,Gurgaon,11602,2320.4,9281.6
23,169630016-044-1,1769,4/12/2025,3,5801,5,UPI,SHIPPED,Mumbai,17403,870.15,16532.85
24,162799308-500-1,3391,1/3/2025,4,5801,5,UPI,DELIVERED,Chennai,23204,1160.2,22043.8
25,186626958-330-2,2515,1/23/2025,4,2315,20,Net Banking,SHIPPED,Gurgaon,9260,1852,7408
26,186626958-330-2,4485,2/22/2025,3,2315,0,Debit Card,DELIVERED,Bengaluru,6945,0,6945
27,169630016-044-1,3853,6/14/2025,4,5801,20,Credit Card,SHIPPED,New Delhi,23204,4640.8,18563.2
28,189870341-712-2,3433,3/24/2025,4,3311,20,UPI,SHIPPED,Bhubaneswar,13244,2648.8,10595.2
29,184208283-330-54,2215,5/25/2025,2,2481,5,Credit Card,PLACED,Mumbai,4962,248.1,4713.9
30,189870341-712-2,1955,3/26/2025,1,3311,5,Net Banking,SHIPPED,Gurgaon,3311,165.55,3145.45
31,184208283-330-54,3324,3/19/2025,1,2481,20,Debit Card,DELIVERED,Bengaluru,2481,496.2,1984.8
32,189870341-712-2,2184,4/20/2025,1,3311,20,Debit Card,SHIPPED,Ahmedabad,3311,662.2,2648.8
33,162799308-500-1,1459,1/1/2025,1,5801,20,Debit Card,DELIVERED,Gurgaon,5801,1160.2,4640.8
34,162799308-500-1,4385,2/20/2025,4,5801,5,Net Banking,DELIVERED,Chennai,23204,1160.2,22043.8
35,184208283-330-54,1021,6/22/2025,3,2481,20,COD,DELIVERED,New Delhi,7443,1488.6,5954.4
36,184208283-330-54,3300,1/4/2025,3,2481,20,COD,DELIVERED,New Delhi,7443,1488.6,5954.4
37,184208283-330-54,1747,4/23/2025,2,2481,15,Credit Card,SHIPPED,Gurgaon,4962,744.3,4217.7
38,162799308-500-1,3904,2/1/2025,2,5801,0,COD,SHIPPED,Kolkata,11602,0,11602
39,189870341-712-2,4632,2/3/2025,4,3311,10,COD,DELIVERED,Bhubaneswar,13244,1324.4,11919.6
40,162799308-500-1,1474,4/2/2025,3,5801,0,Debit Card,SHIPPED,Ahmedabad,17403,0,17403
41,189870341-712-2,2082,4/5/2025,3,3311,15,Debit Card,DELIVERED,Kolkata,9933,1489.95,8443.05
42,189870341-712-2,3558,3/13/2025,1,3311,10,Credit Card,PLACED,Kolkata,3311,331.1,2979.9
43,184208283-330-54,4753,2/8/2025,4,2481,20,UPI,DELIVERED,Gurgaon,9924,1984.8,7939.2
44,162799308-500-1,3047,6/3/2025,4,5801,15,Credit Card,DELIVERED,Gurgaon,23204,3480.6,19723.4
45,189870341-712-2,4547,6/11/2025,1,3311,20,Credit Card,DELIVERED,Mumbai,3311,662.2,2648.8
46,189870341-712-2,3747,4/28/2025,4,3311,5,Net Banking,DELIVERED,Bhubaneswar,13244,662.2,12581.8
47,162799308-500-1,1975,1/3/2025,4,5801,15,Net Banking,DELIVERED,Bhubaneswar,23204,3480.6,19723.4
48,184208283-330-54,2806,5/3/2025,2,2481,5,Credit Card,DELIVERED,Gurgaon,4962,248.1,4713.9
49,184208283-330-54,1189,2/19/2025,3,2481,15,Credit Card,DELIVERED,Kolkata,7443,1116.45,6326.55
50,169630016-044-1,4005,1/12/2025,4,5801,15,Credit Card,PLACED,Kolkata,23204,3480.6,19723.4
51,186626958-330-2,3734,2/23/2025,2,2315,5,COD,SHIPPED,Kolkata,4630,231.5,4398.5
52,186626958-330-2,4005,5/13/2025,3,2315,10,Net Banking,SHIPPED,Chennai,6945,694.5,6250.5
53,169630016-044-1,1562,2/26/2025,1,5801,0,Credit Card,CANCELLED,Kolkata,5801,0,5801
54,186626958-330-2,2899,5/25/2025,2,2315,20,Debit Card,SHIPPED,Chennai,4630,926,3704
55,184208283-330-54,4638,4/22/2025,2,2481,15,Debit Card,DELIVERED,Ahmedabad,4962,744.3,4217.7
56,186626958-330-2,2267,2/16/2025,3,2315,20,COD,DELIVERED,Gurgaon,6945,1389,5556
57,186626958-330-2,3879,5/31/2025,1,2315,5,COD,DELIVERED,Gurgaon,2315,115.75,2199.25
58,169630016-044-1,2528,3/26/2025,2,5801,20,UPI,DELIVERED,Chennai,11602,2320.4,9281.6
59,169630016-044-1,4202,5/22/2025,4,5801,5,UPI,SHIPPED,Mumbai,23204,1160.2,22043.8
60,169630016-044-1,4556,3/7/2025,4,5801,20,UPI,DELIVERED,Kolkata,23204,4640.8,18563.2
61,184208283-330-54,4890,3/16/2025,4,2481,0,COD,DELIVERED,New Delhi,9924,0,9924
62,169630016-044-1,1646,6/28/2025,1,5801,0,COD,SHIPPED,Mumbai,5801,0,5801
63,189870341-712-2,3068,4/13/2025,2,3311,0,COD,SHIPPED,Ahmedabad,6622,0,6622
64,189870341-712-2,3888,6/15/2025,4,3311,0,Debit Card,DELIVERED,Bhubaneswar,13244,0,13244
65,169630016-044-1,3214,2/7/2025,1,5801,0,COD,DELIVERED,Kolkata,5801,0,5801
66,162799308-500-1,2297,2/19/2025,4,5801,0,Debit Card,PLACED,Kolkata,23204,0,23204
67,162799308-500-1,3435,4/8/2025,3,5801,5,UPI,DELIVERED,Bhubaneswar,17403,870.15,16532.85
68,184208283-330-54,1600,3/23/2025,2,2481,15,UPI,DELIVERED,Mumbai,4962,744.3,4217.7
69,162799308-500-1,3363,1/30/2025,2,5801,20,UPI,SHIPPED,New Delhi,11602,2320.4,9281.6
70,162799308-500-1,3061,3/20/2025,1,5801,0,Credit Card,CANCELLED,Ahmedabad,5801,0,5801
71,186626958-330-2,1241,4/1/2025,1,2315,5,Credit Card,DELIVERED,Ahmedabad,2315,115.75,2199.25
72,186626958-330-2,3041,6/28/2025,2,2315,5,Net Banking,DELIVERED,Ahmedabad,4630,231.5,4398.5
73,162799308-500-1,3824,2/21/2025,4,5801,5,Net Banking,DELIVERED,Gurgaon,23204,1160.2,22043.8
74,162799308-500-1,4417,6/15/2025,4,5801,15,Net Banking,PLACED,Mumbai,23204,3480.6,19723.4
75,162799308-500-1,3612,3/20/2025,3,5801,20,Credit Card,SHIPPED,Gurgaon,17403,3480.6,13922.4
76,162799308-500-1,3945,1/30/2025,4,5801,15,Credit Card,SHIPPED,Mumbai,23204,3480.6,19723.4
77,184208283-330-54,2363,4/16/2025,1,2481,10,Net Banking,SHIPPED,New Delhi,2481,248.1,2232.9
78,184208283-330-54,3139,2/20/2025,1,2481,5,Net Banking,SHIPPED,Chennai,2481,124.05,2356.95
79,184208283-330-54,2390,3/22/2025,4,2481,10,COD,DELIVERED,Gurgaon,9924,992.4,8931.6
80,169630016-044-1,4003,5/13/2025,1,5801,0,Net Banking,DELIVERED,Kolkata,5801,0,5801
81,184208283-330-54,2478,1/29/2025,2,2481,0,COD,DELIVERED,Kolkata,4962,0,4962
82,162799308-500-1,4499,5/12/2025,2,5801,15,Debit Card,DELIVERED,New Delhi,11602,1740.3,9861.7
83,162799308-500-1,3556,5/18/2025,4,5801,20,Credit Card,DELIVERED,Ahmedabad,23204,4640.8,18563.2
84,184208283-330-54,1775,5/25/2025,2,2481,10,Net Banking,SHIPPED,Kolkata,4962,496.2,4465.8
85,169630016-044-1,1034,3/15/2025,2,5801,20,Credit Card,SHIPPED,Kolkata,11602,2320.4,9281.6
86,184208283-330-54,3253,1/17/2025,3,2481,15,Credit Card,DELIVERED,Mumbai,7443,1116.45,6326.55
87,186626958-330-2,4152,3/25/2025,3,2315,0,Credit Card,DELIVERED,Chennai,6945,0,6945
88,186626958-330-2,2955,3/10/2025,2,2315,20,Debit Card,SHIPPED,Bhubaneswar,4630,926,3704
89,184208283-330-54,2585,2/3/2025,4,2481,20,UPI,DELIVERED,Ahmedabad,9924,1984.8,7939.2
90,162799308-500-1,4943,1/6/2025,3,5801,0,Net Banking,PLACED,Mumbai,17403,0,17403
91,189870341-712-2,4459,2/22/2025,1,3311,10,UPI,DELIVERED,Mumbai,3311,331.1,2979.9
92,186626958-330-2,4073,5/6/2025,1,2315,0,UPI,DELIVERED,Mumbai,2315,0,2315
93,189870341-712-2,2021,2/12/2025,1,3311,20,UPI,DELIVERED,Gurgaon,3311,662.2,2648.8
94,186626958-330-2,4461,4/25/2025,4,2315,10,Credit Card,CANCELLED,Gurgaon,9260,926,8334
95,189870341-712-2,3613,4/21/2025,2,3311,10,COD,DELIVERED,Bhubaneswar,6622,662.2,5959.8
96,189870341-712-2,2129,5/31/2025,1,3311,0,Credit Card,CANCELLED,Chennai,3311,0,3311
97,186626958-330-2,4843,3/21/2025,4,2315,20,Credit Card,CANCELLED,Bengaluru,9260,1852,7408
98,162799308-500-1,4893,4/5/2025,3,5801,15,UPI,DELIVERED,Kolkata,17403,2610.45,14792.55
99,162799308-500-1,2500,4/28/2025,2,5801,20,Credit Card,DELIVERED,Chennai,11602,2320.4,9281.6
100,186626958-330-2,1702,5/24/2025,3,2315,5,UPI,PLACED,Kolkata,6945,347.25,6597.75
101,162799308-500-1,3449,1/8/2025,4,5801,15,COD,SHIPPED,Chennai,23204,3480.6,19723.4
102,162799308-500-1,3777,5/12/2025,1,5801,10,Net Banking,DELIVERED,New Delhi,5801,580.1,5220.9
103,189870341-712-2,2579,4/14/2025,1,3311,15,UPI,SHIPPED,Bengaluru,3311,496.65,2814.35
104,189870341-712-2,1161,5/12/2025,4,3311,10,COD,SHIPPED,Gurgaon,13244,1324.4,11919.6
105,186626958-330-2,1201,1/25/2025,1,2315,10,Net Banking,CANCELLED,Ahmedabad,2315,231.5,2083.5
106,169630016-044-1,2981,4/6/2025,2,5801,15,Debit Card,DELIVERED,Ahmedabad,11602,1740.3,9861.7
107,169630016-044-1,1995,6/4/2025,4,5801,10,UPI,DELIVERED,Mumbai,23204,2320.4,20883.6
108,169630016-044-1,3317,4/3/2025,3,5801,10,UPI,SHIPPED,Bhubaneswar,17403,1740.3,15662.7
109,189870341-712-2,4934,6/9/2025,4,3311,5,Debit Card,PLACED,Mumbai,13244,662.2,12581.8
110,189870341-712-2,1815,6/27/2025,2,3311,20,Debit Card,PLACED,Bhubaneswar,6622,1324.4,5297.6
111,184208283-330-54,4342,3/2/2025,2,2481,20,UPI,SHIPPED,Gurgaon,4962,992.4,3969.6
112,162799308-500-1,1455,5/2/2025,4,5801,5,Debit Card,PLACED,Mumbai,23204,1160.2,22043.8
113,189870341-712-2,4533,2/20/2025,4,3311,15,Credit Card,PLACED,Chennai,13244,1986.6,11257.4
114,184208283-330-54,4798,5/27/2025,1,2481,0,Net Banking,CANCELLED,New Delhi,2481,0,2481
115,184208283-330-54,2275,1/21/2025,2,2481,0,Net Banking,DELIVERED,Chennai,4962,0,4962
116,184208283-330-54,2016,1/5/2025,4,2481,0,Net Banking,SHIPPED,Ahmedabad,9924,0,9924
117,162799308-500-1,4773,4/2/2025,4,5801,5,Credit Card,PLACED,Ahmedabad,23204,1160.2,22043.8
118,186626958-330-2,3343,6/19/2025,2,2315,5,Debit Card,DELIVERED,Kolkata,4630,231.5,4398.5
119,184208283-330-54,4796,3/2/2025,4,2481,10,COD,PLACED,Kolkata,9924,992.4,8931.6
120,186626958-330-2,3767,1/22/2025,1,2315,0,Debit Card,CANCELLED,Kolkata,2315,0,2315
121,162799308-500-1,4820,5/29/2025,2,5801,15,UPI,SHIPPED,Kolkata,11602,1740.3,9861.7
122,162799308-500-1,1337,3/11/2025,1,5801,15,Net Banking,SHIPPED,Mumbai,5801,870.15,4930.85
123,162799308-500-1,1878,1/1/2025,1,5801,0,Debit Card,SHIPPED,Bengaluru,5801,0,5801
124,184208283-330-54,2076,5/13/2025,1,2481,0,COD,PLACED,Gurgaon,2481,0,2481
125,169630016-044-1,1791,1/12/2025,1,5801,0,UPI,DELIVERED,Ahmedabad,5801,0,5801
126,184208283-330-54,4993,3/31/2025,2,2481,5,Credit Card,DELIVERED,Kolkata,4962,248.1,4713.9
127,184208283-330-54,3264,2/15/2025,1,2481,5,Credit Card,DELIVERED,Chennai,2481,124.05,2356.95
128,189870341-712-2,1763,2/3/2025,1,3311,5,COD,PLACED,Gurgaon,3311,165.55,3145.45
129,186626958-330-2,3235,6/26/2025,4,2315,20,UPI,DELIVERED,Bhubaneswar,9260,1852,7408
130,169630016-044-1,1379,3/19/2025,2,5801,15,Net Banking,DELIVERED,Bhubaneswar,11602,1740.3,9861.7
131,162799308-500-1,1492,2/14/2025,2,5801,15,Debit Card,DELIVERED,Mumbai,11602,1740.3,9861.7
132,189870341-712-2,4112,6/4/2025,3,3311,10,UPI,SHIPPED,Mumbai,9933,993.3,8939.7
133,186626958-330-2,2180,3/14/2025,2,2315,5,Credit Card,SHIPPED,Kolkata,4630,231.5,4398.5
134,189870341-712-2,3062,1/26/2025,2,3311,20,COD,DELIVERED,Ahmedabad,6622,1324.4,5297.6
135,162799308-500-1,4884,2/16/2025,3,5801,20,COD,DELIVERED,Ahmedabad,17403,3480.6,13922.4
136,184208283-330-54,1064,5/1/2025,2,2481,15,Debit Card,SHIPPED,Kolkata,4962,744.3,4217.7
137,162799308-500-1,4928,2/25/2025,2,5801,5,COD,SHIPPED,Bhubaneswar,11602,580.1,11021.9
138,169630016-044-1,4910,4/4/2025,2,5801,10,COD,SHIPPED,Bhubaneswar,11602,1160.2,10441.8
139,189870341-712-2,3568,4/17/2025,2,3311,5,UPI,DELIVERED,Gurgaon,6622,331.1,6290.9
140,184208283-330-54,2367,3/4/2025,3,2481,0,Net Banking,SHIPPED,Ahmedabad,7443,0,7443
141,184208283-330-54,2152,2/17/2025,2,2481,5,Debit Card,CANCELLED,New Delhi,4962,248.1,4713.9
142,169630016-044-1,3027,3/2/2025,2,5801,0,UPI,DELIVERED,Kolkata,11602,0,11602
143,186626958-330-2,3695,3/22/2025,3,2315,0,Net Banking,CANCELLED,Bengaluru,6945,0,6945
144,189870341-712-2,2495,1/26/2025,4,3311,10,UPI,DELIVERED,Ahmedabad,13244,1324.4,11919.6
145,189870341-712-2,4134,2/5/2025,1,3311,15,UPI,SHIPPED,Bengaluru,3311,496.65,2814.35
146,162799308-500-1,2162,1/1/2025,4,5801,5,COD,DELIVERED,Kolkata,23204,1160.2,22043.8
147,189870341-712-2,2522,1/8/2025,3,3311,0,Net Banking,PLACED,Bengaluru,9933,0,9933
148,189870341-712-2,3640,4/23/2025,1,3311,5,Debit Card,CANCELLED,Bengaluru,3311,165.55,3145.45
149,189870341-712-2,1391,4/9/2025,3,3311,15,Debit Card,DELIVERED,Ahmedabad,9933,1489.95,8443.05
150,162799308-500-1,2698,6/29/2025,3,5801,15,Net Banking,PLACED,Ahmedabad,17403,2610.45,14792.55
151,169630016-044-1,1418,2/16/2025,2,5801,20,COD,DELIVERED,Bhubaneswar,11602,2320.4,9281.6
152,186626958-330-2,3336,5/7/2025,1,2315,15,Credit Card,CANCELLED,Mumbai,2315,347.25,1967.75
153,169630016-044-1,1378,2/25/2025,2,5801,10,UPI,PLACED,Mumbai,11602,1160.2,10441.8
154,162799308-500-1,2796,1/14/2025,1,5801,0,COD,DELIVERED,New Delhi,5801,0,5801
155,169630016-044-1,4561,1/28/2025,3,5801,20,Net Banking,DELIVERED,Bhubaneswar,17403,3480.6,13922.4
156,169630016-044-1,3278,3/19/2025,3,5801,10,UPI,DELIVERED,Kolkata,17403,1740.3,15662.7
157,186626958-330-2,4065,5/10/2025,4,2315,5,Debit Card,SHIPPED,Bhubaneswar,9260,463,8797
158,162799308-500-1,3088,4/19/2025,1,5801,0,Credit Card,SHIPPED,Kolkata,5801,0,5801
159,189870341-712-2,4099,6/3/2025,2,3311,15,Debit Card,PLACED,Bengaluru,6622,993.3,5628.7
160,184208283-330-54,3182,1/14/2025,4,2481,0,Net Banking,DELIVERED,Bhubaneswar,9924,0,9924
161,162799308-500-1,1200,2/25/2025,4,5801,5,UPI,SHIPPED,Ahmedabad,23204,1160.2,22043.8
162,162799308-500-1,2863,4/25/2025,4,5801,20,Net Banking,CANCELLED,Bengaluru,23204,4640.8,18563.2
163,189870341-712-2,1779,1/7/2025,2,3311,20,UPI,PLACED,Chennai,6622,1324.4,5297.6
164,169630016-044-1,3977,1/3/2025,4,5801,20,COD,DELIVERED,Kolkata,23204,4640.8,18563.2
165,169630016-044-1,4104,4/21/2025,2,5801,15,Credit Card,PLACED,Chennai,11602,1740.3,9861.7
166,162799308-500-1,4119,5/31/2025,4,5801,10,COD,PLACED,Bhubaneswar,23204,2320.4,20883.6
167,184208283-330-54,1502,4/17/2025,2,2481,10,COD,SHIPPED,Bhubaneswar,4962,496.2,4465.8
168,189870341-712-2,3454,1/18/2025,3,3311,0,Net Banking,SHIPPED,Gurgaon,9933,0,9933
169,184208283-330-54,4645,2/7/2025,3,2481,15,Credit Card,DELIVERED,Mumbai,7443,1116.45,6326.55
170,189870341-712-2,2751,4/25/2025,3,3311,20,UPI,CANCELLED,Chennai,9933,1986.6,7946.4
171,162799308-500-1,1804,1/15/2025,3,5801,20,UPI,DELIVERED,Ahmedabad,17403,3480.6,13922.4
172,169630016-044-1,3146,4/29/2025,3,5801,5,Debit Card,CANCELLED,Kolkata,17403,870.15,16532.85
173,169630016-044-1,3731,1/28/2025,4,5801,5,UPI,DELIVERED,Mumbai,23204,1160.2,22043.8
174,184208283-330-54,2895,2/8/2025,4,2481,20,Net Banking,DELIVERED,New Delhi,9924,1984.8,7939.2
175,186626958-330-2,3773,1/17/2025,4,2315,20,COD,DELIVERED,Ahmedabad,9260,1852,7408
176,184208283-330-54,2570,3/27/2025,2,2481,15,COD,DELIVERED,Kolkata,4962,744.3,4217.7
177,169630016-044-1,1960,5/6/2025,2,5801,10,COD,PLACED,Bengaluru,11602,1160.2,10441.8
178,186626958-330-2,4810,2/13/2025,2,2315,5,Credit Card,DELIVERED,Bhubaneswar,4630,231.5,4398.5
179,169630016-044-1,3660,1/25/2025,2,5801,10,UPI,PLACED,Bhubaneswar,11602,1160.2,10441.8
180,189870341-712-2,2485,5/25/2025,3,3311,15,Net Banking,DELIVERED,Gurgaon,9933,1489.95,8443.05
181,169630016-044-1,3690,1/13/2025,3,5801,20,Credit Card,DELIVERED,Chennai,17403,3480.6,13922.4
182,186626958-330-2,4840,1/25/2025,3,2315,10,Debit Card,PLACED,Bhubaneswar,6945,694.5,6250.5
183,186626958-330-2,2028,3/9/2025,1,2315,20,Net Banking,SHIPPED,Kolkata,2315,463,1852
184,184208283-330-54,4289,5/18/2025,4,2481,20,Net Banking,CANCELLED,New Delhi,9924,1984.8,7939.2
185,162799308-500-1,1502,3/8/2025,2,5801,0,Net Banking,DELIVERED,Bengaluru,11602,0,11602
186,162799308-500-1,3814,4/19/2025,2,5801,10,COD,SHIPPED,Mumbai,11602,1160.2,10441.8
187,189870341-712-2,1397,5/26/2025,3,3311,10,Net Banking,DELIVERED,Chennai,9933,993.3,8939.7
188,184208283-330-54,1870,4/21/2025,2,2481,20,UPI,DELIVERED,Bhubaneswar,4962,992.4,3969.6
189,162799308-500-1,3842,4/21/2025,2,5801,15,Net Banking,DELIVERED,Kolkata,11602,1740.3,9861.7
190,184208283-330-54,1392,2/3/2025,4,2481,0,COD,CANCELLED,Mumbai,9924,0,9924
191,184208283-330-54,1206,4/21/2025,3,2481,20,Net Banking,DELIVERED,Bhubaneswar,7443,1488.6,5954.4
192,186626958-330-2,2038,1/8/2025,4,2315,5,Debit Card,SHIPPED,Kolkata,9260,463,8797
193,186626958-330-2,2881,6/17/2025,1,2315,5,Debit Card,DELIVERED,Bhubaneswar,2315,115.75,2199.25
194,169630016-044-1,4625,4/23/2025,1,5801,0,COD,DELIVERED,Gurgaon,5801,0,5801
195,186626958-330-2,3939,3/24/2025,1,2315,15,UPI,PLACED,Bengaluru,2315,347.25,1967.75
196,184208283-330-54,2484,2/11/2025,3,2481,20,UPI,SHIPPED,Bhubaneswar,7443,1488.6,5954.4
197,184208283-330-54,4762,6/18/2025,2,2481,10,Credit Card,SHIPPED,Bhubaneswar,4962,496.2,4465.8
198,169630016-044-1,4646,4/11/2025,3,5801,0,COD,DELIVERED,Bhubaneswar,17403,0,17403
199,184208283-330-54,1863,1/6/2025,3,2481,15,Net Banking,DELIVERED,New Delhi,7443,1116.45,6326.55
200,169630016-044-1,3790,6/29/2025,2,5801,10,COD,DELIVERED,Bengaluru,11602,1160.2,10441.8
201,162799308-500-1,4312,1/26/2025,4,5801,5,Credit Card,CANCELLED,Bhubaneswar,23204,1160.2,22043.8
202,162799308-500-1,1563,3/5/2025,1,5801,5,COD,DELIVERED,Bengaluru,5801,290.05,5510.95
203,189870341-712-2,2020,2/28/2025,4,3311,10,COD,PLACED,Ahmedabad,13244,1324.4,11919.6
204,169630016-044-1,1095,4/19/2025,1,5801,0,Credit Card,SHIPPED,Mumbai,5801,0,5801
205,189870341-712-2,2923,5/1/2025,3,3311,5,UPI,SHIPPED,Bengaluru,9933,496.65,9436.35
206,186626958-330-2,2757,2/2/2025,1,2315,20,Net Banking,SHIPPED,Mumbai,2315,463,1852
207,186626958-330-2,3532,5/30/2025,3,2315,10,Credit Card,DELIVERED,Bhubaneswar,6945,694.5,6250.5
208,162799308-500-1,4478,1/21/2025,4,5801,10,Debit Card,DELIVERED,Chennai,23204,2320.4,20883.6
209,189870341-712-2,3278,3/11/2025,3,3311,5,UPI,SHIPPED,Gurgaon,9933,496.65,9436.35
210,169630016-044-1,3796,4/22/2025,4,5801,0,Debit Card,DELIVERED,Bhubaneswar,23204,0,23204
211,186626958-330-2,2678,1/4/2025,2,2315,20,UPI,DELIVERED,Ahmedabad,4630,926,3704
212,162799308-500-1,4242,4/4/2025,2,5801,0,Net Banking,SHIPPED,Bhubaneswar,11602,0,11602
213,169630016-044-1,1540,3/16/2025,2,5801,15,Net Banking,PLACED,Bengaluru,11602,1740.3,9861.7
214,186626958-330-2,2059,3/3/2025,3,2315,15,COD,SHIPPED,New Delhi,6945,1041.75,5903.25
215,184208283-330-54,3572,4/4/2025,2,2481,5,Debit Card,PLACED,Bhubaneswar,4962,248.1,4713.9
216,189870341-712-2,2183,4/5/2025,1,3311,5,UPI,CANCELLED,Bhubaneswar,3311,165.55,3145.45
217,184208283-330-54,4910,6/1/2025,4,2481,5,Net Banking,PLACED,Bengaluru,9924,496.2,9427.8
218,186626958-330-2,2722,2/24/2025,4,2315,15,Credit Card,SHIPPED,Bhubaneswar,9260,1389,7871
219,189870341-712-2,4314,5/17/2025,1,3311,0,Net Banking,DELIVERED,Bengaluru,3311,0,3311
220,162799308-500-1,4157,5/11/2025,3,5801,0,Credit Card,CANCELLED,New Delhi,17403,0,17403
221,184208283-330-54,2819,1/31/2025,3,2481,5,UPI,PLACED,Bengaluru,7443,372.15,7070.85
222,184208283-330-54,3625,2/9/2025,4,2481,20,Net Banking,PLACED,Chennai,9924,1984.8,7939.2
223,184208283-330-54,3729,2/5/2025,2,2481,0,Net Banking,PLACED,Bhubaneswar,4962,0,4962
224,169630016-044-1,3604,6/1/2025,3,5801,15,UPI,PLACED,Gurgaon,17403,2610.45,14792.55
225,169630016-044-1,2597,1/6/2025,3,5801,10,Net Banking,SHIPPED,Chennai,17403,1740.3,15662.7
226,169630016-044-1,4060,3/7/2025,1,5801,10,Credit Card,DELIVERED,Ahmedabad,5801,580.1,5220.9
227,189870341-712-2,3693,3/16/2025,1,3311,10,Net Banking,SHIPPED,Bengaluru,3311,331.1,2979.9
228,184208283-330-54,1795,1/4/2025,2,2481,20,Debit Card,PLACED,Chennai,4962,992.4,3969.6
229,162799308-500-1,2051,3/20/2025,3,5801,5,COD,DELIVERED,Gurgaon,17403,870.15,16532.85
230,162799308-500-1,2643,5/14/2025,3,5801,15,Credit Card,SHIPPED,New Delhi,17403,2610.45,14792.55
231,186626958-330-2,4627,4/28/2025,1,2315,20,Debit Card,SHIPPED,Bhubaneswar,2315,463,1852
232,162799308-500-1,2363,4/23/2025,3,5801,15,UPI,SHIPPED,Mumbai,17403,2610.45,14792.55
233,169630016-044-1,4869,4/4/2025,4,5801,15,Credit Card,CANCELLED,New Delhi,23204,3480.6,19723.4
234,184208283-330-54,2981,6/28/2025,1,2481,5,COD,PLACED,Bhubaneswar,2481,124.05,2356.95
235,184208283-330-54,2354,3/3/2025,2,2481,10,COD,DELIVERED,Bhubaneswar,4962,496.2,4465.8
236,162799308-500-1,2663,3/20/2025,1,5801,5,UPI,DELIVERED,Mumbai,5801,290.05,5510.95
237,184208283-330-54,2529,5/16/2025,3,2481,20,UPI,PLACED,Bengaluru,7443,1488.6,5954.4
238,186626958-330-2,3038,1/26/2025,2,2315,20,Credit Card,CANCELLED,Kolkata,4630,926,3704
239,189870341-712-2,4419,6/28/2025,1,3311,20,Net Banking,SHIPPED,Ahmedabad,3311,662.2,2648.8
240,189870341-712-2,2496,6/22/2025,4,3311,5,UPI,PLACED,Gurgaon,13244,662.2,12581.8
241,162799308-500-1,4302,2/13/2025,4,5801,15,Net Banking,DELIVERED,New Delhi,23204,3480.6,19723.4
242,169630016-044-1,3237,5/13/2025,1,5801,15,Debit Card,DELIVERED,Bengaluru,5801,870.15,4930.85
243,189870341-712-2,4296,3/11/2025,4,3311,0,COD,DELIVERED,Bhubaneswar,13244,0,13244
244,162799308-500-1,2408,6/3/2025,4,5801,20,Net Banking,PLACED,Kolkata,23204,4640.8,18563.2
245,169630016-044-1,2400,4/28/2025,4,5801,15,COD,SHIPPED,Gurgaon,23204,3480.6,19723.4
246,162799308-500-1,2306,3/9/2025,2,5801,0,Net Banking,DELIVERED,Bhubaneswar,11602,0,11602
247,169630016-044-1,3680,1/19/2025,4,5801,15,Debit Card,SHIPPED,New Delhi,23204,3480.6,19723.4
248,189870341-712-2,3675,1/20/2025,4,3311,20,UPI,SHIPPED,Gurgaon,13244,2648.8,10595.2
249,189870341-712-2,1972,4/23/2025,4,3311,10,Debit Card,PLACED,Ahmedabad,13244,1324.4,11919.6
250,162799308-500-1,2768,5/20/2025,2,5801,20,UPI,PLACED,Ahmedabad,11602,2320.4,9281.6
251,184208283-330-54,2282,2/16/2025,1,2481,5,UPI,DELIVERED,Bhubaneswar,2481,124.05,2356.95
252,184208283-330-54,4430,1/1/2025,3,2481,15,COD,SHIPPED,Gurgaon,7443,1116.45,6326.55
253,189870341-712-2,1709,3/31/2025,4,3311,15,Debit Card,CANCELLED,Bengaluru,13244,1986.6,11257.4
254,169630016-044-1,2479,5/22/2025,1,5801,5,Net Banking,SHIPPED,Kolkata,5801,290.05,5510.95
255,189870341-712-2,2434,3/5/2025,4,3311,5,Debit Card,DELIVERED,Mumbai,13244,662.2,12581.8
256,186626958-330-2,1648,2/7/2025,2,2315,10,COD,SHIPPED,Ahmedabad,4630,463,4167
257,184208283-330-54,1317,2/6/2025,1,2481,15,UPI,SHIPPED,Ahmedabad,2481,372.15,2108.85
258,189870341-712-2,4748,5/6/2025,2,3311,15,COD,PLACED,Gurgaon,6622,993.3,5628.7
259,189870341-712-2,4296,5/19/2025,4,3311,10,Credit Card,SHIPPED,Ahmedabad,13244,1324.4,11919.6
260,184208283-330-54,4890,4/10/2025,4,2481,0,Credit Card,DELIVERED,Gurgaon,9924,0,9924
261,184208283-330-54,2257,3/18/2025,2,2481,10,Net Banking,CANCELLED,Bengaluru,4962,496.2,4465.8
262,169630016-044-1,1683,1/3/2025,3,5801,20,COD,DELIVERED,Gurgaon,17403,3480.6,13922.4
263,184208283-330-54,1663,6/10/2025,2,2481,15,Net Banking,PLACED,Bhubaneswar,4962,744.3,4217.7
264,186626958-330-2,2998,5/14/2025,4,2315,5,Net Banking,PLACED,Bhubaneswar,9260,463,8797
265,162799308-500-1,4898,6/27/2025,2,5801,20,Credit Card,PLACED,Kolkata,11602,2320.4,9281.6
266,169630016-044-1,4445,1/10/2025,3,5801,15,Net Banking,DELIVERED,Bhubaneswar,17403,2610.45,14792.55
267,186626958-330-2,4743,1/5/2025,2,2315,10,Credit Card,DELIVERED,Ahmedabad,4630,463,4167
268,186626958-330-2,2631,5/31/2025,3,2315,20,UPI,CANCELLED,Ahmedabad,6945,1389,5556
269,184208283-330-54,2495,5/18/2025,3,2481,15,COD,PLACED,Mumbai,7443,1116.45,6326.55
270,169630016-044-1,4304,6/21/2025,2,5801,0,Net Banking,DELIVERED,Kolkata,11602,0,11602
271,169630016-044-1,4763,5/10/2025,2,5801,0,Credit Card,SHIPPED,Ahmedabad,11602,0,11602
272,184208283-330-54,2136,1/13/2025,1,2481,5,Debit Card,DELIVERED,Bhubaneswar,2481,124.05,2356.95
273,169630016-044-1,2853,6/17/2025,4,5801,15,Net Banking,DELIVERED,Ahmedabad,23204,3480.6,19723.4
274,184208283-330-54,2520,5/10/2025,3,2481,0,UPI,DELIVERED,Bengaluru,7443,0,7443
275,162799308-500-1,3489,3/25/2025,1,5801,10,UPI,DELIVERED,New Delhi,5801,580.1,5220.9
276,189870341-712-2,1563,3/6/2025,2,3311,15,Debit Card,PLACED,Gurgaon,6622,993.3,5628.7
277,169630016-044-1,2291,3/4/2025,4,5801,10,Credit Card,DELIVERED,Ahmedabad,23204,2320.4,20883.6
278,162799308-500-1,4581,4/11/2025,1,5801,10,Net Banking,PLACED,Kolkata,5801,580.1,5220.9
279,184208283-330-54,4878,3/14/2025,3,2481,0,Credit Card,DELIVERED,Kolkata,7443,0,7443
280,184208283-330-54,4457,1/17/2025,1,2481,15,UPI,SHIPPED,Ahmedabad,2481,372.15,2108.85
281,169630016-044-1,4458,1/9/2025,3,5801,20,Credit Card,DELIVERED,Chennai,17403,3480.6,13922.4
282,184208283-330-54,4184,5/23/2025,2,2481,0,UPI,CANCELLED,New Delhi,4962,0,4962
283,169630016-044-1,2636,6/1/2025,4,5801,0,Credit Card,DELIVERED,Kolkata,23204,0,23204
284,162799308-500-1,4696,2/7/2025,4,5801,15,Debit Card,DELIVERED,New Delhi,23204,3480.6,19723.4
285,189870341-712-2,3999,6/12/2025,4,3311,15,COD,DELIVERED,Ahmedabad,13244,1986.6,11257.4
286,169630016-044-1,4152,4/4/2025,2,5801,10,Debit Card,DELIVERED,Bhubaneswar,11602,1160.2,10441.8
287,186626958-330-2,1698,4/5/2025,3,2315,15,Debit Card,DELIVERED,Bengaluru,6945,1041.75,5903.25
288,184208283-330-54,3160,2/18/2025,2,2481,10,COD,DELIVERED,Mumbai,4962,496.2,4465.8
289,184208283-330-54,1001,3/10/2025,4,2481,0,COD,SHIPPED,Chennai,9924,0,9924
290,169630016-044-1,1641,3/3/2025,2,5801,5,Net Banking,CANCELLED,Ahmedabad,11602,580.1,11021.9
291,189870341-712-2,3267,6/27/2025,2,3311,20,Net Banking,CANCELLED,Kolkata,6622,1324.4,5297.6
292,162799308-500-1,2589,3/19/2025,2,5801,0,Debit Card,DELIVERED,Gurgaon,11602,0,11602
293,189870341-712-2,1854,4/27/2025,3,3311,15,Debit Card,SHIPPED,Bhubaneswar,9933,1489.95,8443.05
294,162799308-500-1,2759,4/30/2025,1,5801,20,UPI,PLACED,Mumbai,5801,1160.2,4640.8
295,189870341-712-2,4296,5/17/2025,1,3311,5,UPI,DELIVERED,Gurgaon,3311,165.55,3145.45
296,184208283-330-54,3432,6/11/2025,2,2481,5,Net Banking,PLACED,Bhubaneswar,4962,248.1,4713.9
297,184208283-330-54,4474,3/17/2025,1,2481,10,Net Banking,DELIVERED,Ahmedabad,2481,248.1,2232.9
298,162799308-500-1,2661,2/4/2025,1,5801,20,UPI,SHIPPED,Mumbai,5801,1160.2,4640.8
299,162799308-500-1,2153,1/1/2025,2,5801,10,UPI,SHIPPED,Mumbai,11602,1160.2,10441.8
300,189870341-712-2,2076,2/9/2025,2,3311,0,Credit Card,CANCELLED,Mumbai,6622,0,6622
301,184208283-330-54,2707,3/5/2025,4,2481,20,Credit Card,DELIVERED,Ahmedabad,9924,1984.8,7939.2
302,184208283-330-54,3777,5/30/2025,1,2481,0,UPI,DELIVERED,Kolkata,2481,0,2481
303,162799308-500-1,2695,3/1/2025,3,5801,10,Credit Card,DELIVERED,Ahmedabad,17403,1740.3,15662.7
304,186626958-330-2,2733,3/5/2025,2,2315,20,COD,SHIPPED,Mumbai,4630,926,3704
305,162799308-500-1,2439,4/3/2025,4,5801,10,Net Banking,DELIVERED,Bengaluru,23204,2320.4,20883.6
306,169630016-044-1,3294,3/13/2025,3,5801,20,Net Banking,SHIPPED,Bengaluru,17403,3480.6,13922.4
307,189870341-712-2,1835,1/11/2025,1,3311,10,UPI,CANCELLED,Ahmedabad,3311,331.1,2979.9
308,189870341-712-2,4510,4/15/2025,4,3311,5,Debit Card,DELIVERED,Kolkata,13244,662.2,12581.8
309,184208283-330-54,1202,1/14/2025,2,2481,10,UPI,SHIPPED,Mumbai,4962,496.2,4465.8
310,162799308-500-1,4255,3/1/2025,3,5801,5,Credit Card,DELIVERED,New Delhi,17403,870.15,16532.85
311,169630016-044-1,1122,1/30/2025,2,5801,10,Debit Card,DELIVERED,Bengaluru,11602,1160.2,10441.8
312,186626958-330-2,1400,2/4/2025,1,2315,20,Credit Card,SHIPPED,New Delhi,2315,463,1852
313,186626958-330-2,1766,6/14/2025,3,2315,20,COD,CANCELLED,Bhubaneswar,6945,1389,5556
314,184208283-330-54,1293,1/5/2025,1,2481,20,Credit Card,PLACED,Mumbai,2481,496.2,1984.8
315,169630016-044-1,3327,3/24/2025,1,5801,15,COD,SHIPPED,Bengaluru,5801,870.15,4930.85
316,184208283-330-54,4908,5/3/2025,4,2481,0,COD,DELIVERED,Bengaluru,9924,0,9924
317,184208283-330-54,3931,3/19/2025,2,2481,20,Credit Card,DELIVERED,Gurgaon,4962,992.4,3969.6
318,189870341-712-2,4681,6/3/2025,3,3311,5,Credit Card,DELIVERED,Ahmedabad,9933,496.65,9436.35
319,186626958-330-2,1197,3/3/2025,1,2315,20,COD,DELIVERED,Chennai,2315,463,1852
320,184208283-330-54,4029,5/12/2025,1,2481,15,Debit Card,DELIVERED,Ahmedabad,2481,372.15,2108.85
321,186626958-330-2,2930,3/30/2025,3,2315,5,COD,DELIVERED,Kolkata,6945,347.25,6597.75
322,162799308-500-1,4582,2/11/2025,1,5801,15,Net Banking,PLACED,Kolkata,5801,870.15,4930.85
323,162799308-500-1,3799,3/30/2025,4,5801,5,COD,SHIPPED,Kolkata,23204,1160.2,22043.8
324,169630016-044-1,3191,5/26/2025,4,5801,10,Debit Card,SHIPPED,Bengaluru,23204,2320.4,20883.6
325,184208283-330-54,1608,2/9/2025,4,2481,0,Net Banking,SHIPPED,Chennai,9924,0,9924
326,186626958-330-2,4272,3/13/2025,4,2315,0,UPI,DELIVERED,Bhubaneswar,9260,0,9260
327,169630016-044-1,2147,2/8/2025,1,5801,15,UPI,PLACED,Bengaluru,5801,870.15,4930.85
328,184208283-330-54,1186,4/14/2025,3,2481,0,Debit Card,SHIPPED,Bhubaneswar,7443,0,7443
329,162799308-500-1,4397,1/14/2025,3,5801,15,COD,SHIPPED,Mumbai,17403,2610.45,14792.55
330,162799308-500-1,3511,2/1/2025,3,5801,15,Credit Card,CANCELLED,Kolkata,17403,2610.45,14792.55
331,162799308-500-1,4420,6/28/2025,3,5801,15,Debit Card,CANCELLED,Bhubaneswar,17403,2610.45,14792.55
332,186626958-330-2,2794,5/5/2025,2,2315,0,Net Banking,DELIVERED,Mumbai,4630,0,4630
333,169630016-044-1,1659,6/15/2025,3,5801,15,Net Banking,CANCELLED,Ahmedabad,17403,2610.45,14792.55
334,169630016-044-1,3811,4/7/2025,2,5801,0,UPI,DELIVERED,Kolkata,11602,0,11602
335,169630016-044-1,4002,1/23/2025,2,5801,15,Net Banking,DELIVERED,Bengaluru,11602,1740.3,9861.7
336,184208283-330-54,2955,3/4/2025,4,2481,20,Debit Card,PLACED,Kolkata,9924,1984.8,7939.2
337,162799308-500-1,3450,5/23/2025,2,5801,15,Net Banking,DELIVERED,Bengaluru,11602,1740.3,9861.7
338,186626958-330-2,2369,6/2/2025,1,2315,5,Debit Card,DELIVERED,Gurgaon,2315,115.75,2199.25
339,186626958-330-2,2986,5/25/2025,2,2315,15,Credit Card,DELIVERED,Gurgaon,4630,694.5,3935.5
340,184208283-330-54,2534,2/22/2025,4,2481,10,UPI,DELIVERED,Bengaluru,9924,992.4,8931.6
341,184208283-330-54,1146,4/14/2025,2,2481,15,Net Banking,DELIVERED,Gurgaon,4962,744.3,4217.7
342,169630016-044-1,4219,4/14/2025,1,5801,5,Debit Card,DELIVERED,Ahmedabad,5801,290.05,5510.95
343,184208283-330-54,3911,6/28/2025,1,2481,5,COD,CANCELLED,Ahmedabad,2481,124.05,2356.95
344,186626958-330-2,2734,2/8/2025,1,2315,0,UPI,SHIPPED,Bengaluru,2315,0,2315
345,186626958-330-2,2843,6/28/2025,4,2315,20,Credit Card,DELIVERED,Gurgaon,9260,1852,7408
346,169630016-044-1,1488,5/14/2025,4,5801,15,Debit Card,SHIPPED,Gurgaon,23204,3480.6,19723.4
347,169630016-044-1,3976,3/8/2025,3,5801,0,Credit Card,DELIVERED,Mumbai,17403,0,17403
348,186626958-330-2,2959,5/15/2025,4,2315,20,Credit Card,DELIVERED,Ahmedabad,9260,1852,7408
349,184208283-330-54,2663,6/28/2025,1,2481,15,Net Banking,PLACED,Chennai,2481,372.15,2108.85
350,186626958-330-2,3598,2/11/2025,1,2315,10,Net Banking,DELIVERED,Kolkata,2315,231.5,2083.5
351,184208283-330-54,3385,1/15/2025,4,2481,15,Debit Card,SHIPPED,Chennai,9924,1488.6,8435.4
352,162799308-500-1,3919,4/21/2025,2,5801,5,COD,DELIVERED,Gurgaon,11602,580.1,11021.9
353,162799308-500-1,1640,6/6/2025,4,5801,5,Debit Card,SHIPPED,Chennai,23204,1160.2,22043.8
354,184208283-330-54,2802,2/2/2025,4,2481,10,COD,DELIVERED,Gurgaon,9924,992.4,8931.6
355,184208283-330-54,3520,6/4/2025,1,2481,0,Credit Card,PLACED,Kolkata,2481,0,2481
356,169630016-044-1,2969,6/13/2025,3,5801,20,UPI,DELIVERED,Gurgaon,17403,3480.6,13922.4
357,186626958-330-2,3198,6/6/2025,1,2315,15,Debit Card,SHIPPED,Ahmedabad,2315,347.25,1967.75
358,189870341-712-2,2438,2/7/2025,3,3311,5,Debit Card,DELIVERED,New Delhi,9933,496.65,9436.35
359,169630016-044-1,4369,4/7/2025,1,5801,0,COD,CANCELLED,Chennai,5801,0,5801
360,169630016-044-1,2634,6/4/2025,4,5801,10,Credit Card,CANCELLED,Mumbai,23204,2320.4,20883.6
361,186626958-330-2,1262,2/2/2025,1,2315,5,Credit Card,DELIVERED,Gurgaon,2315,115.75,2199.25
362,186626958-330-2,2787,3/27/2025,1,2315,10,COD,DELIVERED,Mumbai,2315,231.5,2083.5
363,186626958-330-2,3191,3/7/2025,1,2315,15,Credit Card,SHIPPED,New Delhi,2315,347.25,1967.75
364,169630016-044-1,3393,1/10/2025,4,5801,20,Net Banking,SHIPPED,New Delhi,23204,4640.8,18563.2
365,189870341-712-2,1623,1/5/2025,4,3311,5,UPI,SHIPPED,Bengaluru,13244,662.2,12581.8
366,162799308-500-1,2016,5/3/2025,4,5801,5,Debit Card,DELIVERED,Mumbai,23204,1160.2,22043.8
367,184208283-330-54,4643,3/15/2025,4,2481,15,UPI,CANCELLED,Chennai,9924,1488.6,8435.4
368,162799308-500-1,1880,4/7/2025,3,5801,0,Debit Card,PLACED,New Delhi,17403,0,17403
369,186626958-330-2,3049,4/28/2025,3,2315,20,Net Banking,CANCELLED,New Delhi,6945,1389,5556
370,169630016-044-1,3944,2/7/2025,2,5801,5,Credit Card,DELIVERED,Ahmedabad,11602,580.1,11021.9
371,169630016-044-1,2327,5/21/2025,4,5801,20,COD,DELIVERED,Bengaluru,23204,4640.8,18563.2
372,186626958-330-2,3301,6/8/2025,3,2315,5,Net Banking,PLACED,Bhubaneswar,6945,347.25,6597.75
373,186626958-330-2,4723,2/16/2025,1,2315,20,UPI,PLACED,Bhubaneswar,2315,463,1852
374,184208283-330-54,1452,4/19/2025,4,2481,10,COD,DELIVERED,New Delhi,9924,992.4,8931.6
375,184208283-330-54,4108,6/29/2025,2,2481,5,Credit Card,DELIVERED,Chennai,4962,248.1,4713.9
376,169630016-044-1,2183,1/15/2025,2,5801,20,Net Banking,SHIPPED,Bengaluru,11602,2320.4,9281.6
377,186626958-330-2,4062,6/6/2025,2,2315,0,COD,DELIVERED,Bhubaneswar,4630,0,4630
378,184208283-330-54,3056,5/16/2025,1,2481,10,Net Banking,DELIVERED,Chennai,2481,248.1,2232.9
379,162799308-500-1,4304,1/5/2025,3,5801,10,Net Banking,DELIVERED,Ahmedabad,17403,1740.3,15662.7
380,189870341-712-2,4170,6/6/2025,1,3311,0,Credit Card,CANCELLED,Mumbai,3311,0,3311
381,189870341-712-2,2682,2/16/2025,4,3311,20,Debit Card,SHIPPED,Bhubaneswar,13244,2648.8,10595.2
382,169630016-044-1,3863,3/9/2025,2,5801,15,COD,SHIPPED,Gurgaon,11602,1740.3,9861.7
383,186626958-330-2,3255,3/17/2025,1,2315,0,Credit Card,DELIVERED,Ahmedabad,2315,0,2315
384,162799308-500-1,2154,6/22/2025,1,5801,20,Net Banking,SHIPPED,Bhubaneswar,5801,1160.2,4640.8
385,169630016-044-1,1403,5/10/2025,3,5801,0,Credit Card,PLACED,Gurgaon,17403,0,17403
386,189870341-712-2,3199,6/4/2025,3,3311,0,Debit Card,SHIPPED,Ahmedabad,9933,0,9933
387,169630016-044-1,3101,4/5/2025,2,5801,5,COD,SHIPPED,Gurgaon,11602,580.1,11021.9
388,189870341-712-2,4191,4/25/2025,1,3311,20,Debit Card,SHIPPED,Chennai,3311,662.2,2648.8
389,184208283-330-54,2696,6/13/2025,1,2481,15,UPI,SHIPPED,Bhubaneswar,2481,372.15,2108.85
390,162799308-500-1,4991,2/5/2025,3,5801,5,COD,SHIPPED,Kolkata,17403,870.15,16532.85
391,169630016-044-1,1627,1/26/2025,1,5801,0,Debit Card,PLACED,Gurgaon,5801,0,5801
392,169630016-044-1,1586,2/12/2025,1,5801,0,Net Banking,DELIVERED,Ahmedabad,5801,0,5801
393,189870341-712-2,2648,1/27/2025,1,3311,0,COD,DELIVERED,Ahmedabad,3311,0,3311
394,169630016-044-1,2443,3/10/2025,3,5801,20,COD,DELIVERED,Gurgaon,17403,3480.6,13922.4
395,186626958-330-2,2445,5/28/2025,2,2315,20,Credit Card,PLACED,Chennai,4630,926,3704
396,189870341-712-2,1103,1/11/2025,4,3311,5,Net Banking,SHIPPED,Ahmedabad,13244,662.2,12581.8
397,184208283-330-54,4923,3/15/2025,2,2481,15,UPI,DELIVERED,New Delhi,4962,744.3,4217.7
398,186626958-330-2,1253,4/14/2025,4,2315,5,Debit Card,DELIVERED,Ahmedabad,9260,463,8797
399,189870341-712-2,4298,2/7/2025,1,3311,10,Credit Card,DELIVERED,Gurgaon,3311,331.1,2979.9
400,189870341-712-2,4183,5/14/2025,2,3311,0,Debit Card,SHIPPED,Mumbai,6622,0,6622
401,169630016-044-1,3557,1/23/2025,4,5801,0,UPI,CANCELLED,Kolkata,23204,0,23204
402,184208283-330-54,2496,2/16/2025,3,2481,0,UPI,SHIPPED,Ahmedabad,7443,0,7443
403,186626958-330-2,1098,3/31/2025,3,2315,5,COD,SHIPPED,Bengaluru,6945,347.25,6597.75
404,189870341-712-2,3200,2/15/2025,2,3311,5,UPI,DELIVERED,Mumbai,6622,331.1,6290.9
405,189870341-712-2,2884,4/17/2025,2,3311,0,Debit Card,DELIVERED,Gurgaon,6622,0,6622
406,169630016-044-1,3961,5/20/2025,1,5801,5,Net Banking,SHIPPED,Bengaluru,5801,290.05,5510.95
407,169630016-044-1,2919,5/21/2025,2,5801,20,Net Banking,SHIPPED,Chennai,11602,2320.4,9281.6
408,169630016-044-1,1877,4/14/2025,1,5801,20,COD,DELIVERED,Ahmedabad,5801,1160.2,4640.8
409,189870341-712-2,1337,4/21/2025,1,3311,5,Debit Card,SHIPPED,Chennai,3311,165.55,3145.45
410,162799308-500-1,4777,4/14/2025,3,5801,0,Debit Card,PLACED,Chennai,17403,0,17403
411,189870341-712-2,3869,3/1/2025,3,3311,5,UPI,SHIPPED,Kolkata,9933,496.65,9436.35
412,184208283-330-54,4234,6/20/2025,4,2481,5,Debit Card,DELIVERED,Kolkata,9924,496.2,9427.8
413,169630016-044-1,4791,4/10/2025,3,5801,5,Credit Card,PLACED,Bhubaneswar,17403,870.15,16532.85
414,169630016-044-1,1956,3/9/2025,3,5801,10,UPI,CANCELLED,Bengaluru,17403,1740.3,15662.7
415,189870341-712-2,2704,5/13/2025,2,3311,20,Credit Card,DELIVERED,Chennai,6622,1324.4,5297.6
416,184208283-330-54,1160,4/30/2025,3,2481,15,COD,CANCELLED,Ahmedabad,7443,1116.45,6326.55
417,162799308-500-1,2603,2/6/2025,4,5801,15,Net Banking,CANCELLED,Kolkata,23204,3480.6,19723.4
418,169630016-044-1,3848,3/13/2025,2,5801,10,COD,SHIPPED,Ahmedabad,11602,1160.2,10441.8
419,162799308-500-1,1397,5/7/2025,4,5801,5,Net Banking,PLACED,Bhubaneswar,23204,1160.2,22043.8
420,169630016-044-1,2300,4/16/2025,3,5801,10,COD,PLACED,Ahmedabad,17403,1740.3,15662.7
421,186626958-330-2,1815,4/2/2025,4,2315,10,Debit Card,SHIPPED,Mumbai,9260,926,8334
422,184208283-330-54,4987,1/31/2025,2,2481,0,Credit Card,DELIVERED,Bhubaneswar,4962,0,4962
423,162799308-500-1,2527,5/2/2025,1,5801,20,Net Banking,SHIPPED,Chennai,5801,1160.2,4640.8
424,162799308-500-1,2919,5/17/2025,4,5801,15,UPI,SHIPPED,Chennai,23204,3480.6,19723.4
425,189870341-712-2,2415,2/20/2025,4,3311,5,Credit Card,SHIPPED,Kolkata,13244,662.2,12581.8
426,162799308-500-1,2158,1/29/2025,2,5801,15,UPI,CANCELLED,Chennai,11602,1740.3,9861.7
427,186626958-330-2,2218,2/9/2025,2,2315,15,Credit Card,PLACED,Bhubaneswar,4630,694.5,3935.5
428,184208283-330-54,1400,2/10/2025,4,2481,20,Credit Card,PLACED,Bhubaneswar,9924,1984.8,7939.2
429,184208283-330-54,1639,1/11/2025,3,2481,15,COD,PLACED,Gurgaon,7443,1116.45,6326.55
430,169630016-044-1,4104,5/31/2025,4,5801,15,Net Banking,CANCELLED,Gurgaon,23204,3480.6,19723.4
431,186626958-330-2,3735,1/1/2025,2,2315,10,Net Banking,DELIVERED,Gurgaon,4630,463,4167
432,189870341-712-2,1459,2/15/2025,1,3311,20,Credit Card,SHIPPED,Bengaluru,3311,662.2,2648.8
433,169630016-044-1,1954,4/11/2025,1,5801,0,Debit Card,PLACED,Mumbai,5801,0,5801
434,162799308-500-1,4954,5/29/2025,3,5801,5,Debit Card,SHIPPED,Bhubaneswar,17403,870.15,16532.85
435,169630016-044-1,1469,3/31/2025,4,5801,15,UPI,PLACED,Mumbai,23204,3480.6,19723.4
436,169630016-044-1,4446,4/20/2025,1,5801,5,UPI,CANCELLED,New Delhi,5801,290.05,5510.95
437,189870341-712-2,2045,6/13/2025,4,3311,0,COD,DELIVERED,Ahmedabad,13244,0,13244
438,189870341-712-2,3797,2/26/2025,2,3311,5,Credit Card,SHIPPED,Bhubaneswar,6622,331.1,6290.9
439,169630016-044-1,2693,1/1/2025,1,5801,0,UPI,DELIVERED,Gurgaon,5801,0,5801
440,186626958-330-2,3085,3/4/2025,3,2315,10,UPI,SHIPPED,Chennai,6945,694.5,6250.5
441,169630016-044-1,3277,2/24/2025,2,5801,15,Credit Card,DELIVERED,Bhubaneswar,11602,1740.3,9861.7
442,189870341-712-2,4436,4/25/2025,3,3311,0,COD,DELIVERED,Gurgaon,9933,0,9933
443,184208283-330-54,1562,6/17/2025,2,2481,5,UPI,SHIPPED,Ahmedabad,4962,248.1,4713.9
444,169630016-044-1,3485,5/23/2025,1,5801,15,COD,DELIVERED,Ahmedabad,5801,870.15,4930.85
445,189870341-712-2,2799,5/29/2025,3,3311,10,Net Banking,SHIPPED,New Delhi,9933,993.3,8939.7
446,169630016-044-1,4354,6/24/2025,3,5801,15,COD,SHIPPED,Bhubaneswar,17403,2610.45,14792.55
447,162799308-500-1,3074,2/22/2025,2,5801,0,Debit Card,PLACED,Bhubaneswar,11602,0,11602
448,189870341-712-2,1225,5/17/2025,3,3311,10,Debit Card,SHIPPED,Ahmedabad,9933,993.3,8939.7
449,189870341-712-2,4348,6/29/2025,2,3311,5,COD,DELIVERED,Bhubaneswar,6622,331.1,6290.9
450,162799308-500-1,1797,2/26/2025,2,5801,10,Debit Card,CANCELLED,Gurgaon,11602,1160.2,10441.8
451,189870341-712-2,4680,4/27/2025,2,3311,10,Net Banking,DELIVERED,Bengaluru,6622,662.2,5959.8
452,184208283-330-54,3331,6/3/2025,2,2481,20,Credit Card,DELIVERED,Gurgaon,4962,992.4,3969.6
453,186626958-330-2,3926,6/18/2025,1,2315,10,Debit Card,DELIVERED,New Delhi,2315,231.5,2083.5
454,189870341-712-2,1959,2/4/2025,2,3311,10,Debit Card,PLACED,Chennai,6622,662.2,5959.8
455,162799308-500-1,2504,3/4/2025,4,5801,15,COD,SHIPPED,Kolkata,23204,3480.6,19723.4
456,169630016-044-1,1452,1/25/2025,3,5801,5,Net Banking,PLACED,Ahmedabad,17403,870.15,16532.85
457,184208283-330-54,4067,3/31/2025,4,2481,15,Credit Card,DELIVERED,Bhubaneswar,9924,1488.6,8435.4
458,184208283-330-54,4900,3/16/2025,1,2481,15,COD,CANCELLED,Bhubaneswar,2481,372.15,2108.85
459,189870341-712-2,1815,2/7/2025,4,3311,0,COD,PLACED,Mumbai,13244,0,13244
460,186626958-330-2,1658,5/10/2025,3,2315,15,Net Banking,DELIVERED,Chennai,6945,1041.75,5903.25
461,186626958-330-2,4587,5/15/2025,4,2315,20,Credit Card,DELIVERED,Bhubaneswar,9260,1852,7408
462,184208283-330-54,1546,6/11/2025,1,2481,20,Net Banking,DELIVERED,Bhubaneswar,2481,496.2,1984.8
463,184208283-330-54,2215,4/1/2025,2,2481,0,Credit Card,SHIPPED,Mumbai,4962,0,4962
464,186626958-330-2,4120,1/17/2025,4,2315,5,Net Banking,SHIPPED,Chennai,9260,463,8797
465,184208283-330-54,4583,5/8/2025,1,2481,5,COD,PLACED,Kolkata,2481,124.05,2356.95
466,189870341-712-2,1016,6/20/2025,1,3311,15,COD,SHIPPED,Kolkata,3311,496.65,2814.35
467,184208283-330-54,4243,4/18/2025,3,2481,15,UPI,PLACED,Ahmedabad,7443,1116.45,6326.55
468,189870341-712-2,2243,6/28/2025,3,3311,15,Debit Card,DELIVERED,Ahmedabad,9933,1489.95,8443.05
469,186626958-330-2,3205,6/1/2025,4,2315,5,Net Banking,PLACED,Ahmedabad,9260,463,8797
470,162799308-500-1,3524,1/25/2025,2,5801,10,UPI,DELIVERED,Kolkata,11602,1160.2,10441.8
471,186626958-330-2,2069,6/29/2025,1,2315,20,Debit Card,DELIVERED,Mumbai,2315,463,1852
472,169630016-044-1,4444,3/29/2025,4,5801,10,Net Banking,DELIVERED,Chennai,23204,2320.4,20883.6
473,189870341-712-2,3565,6/10/2025,1,3311,10,Credit Card,SHIPPED,Bengaluru,3311,331.1,2979.9
474,189870341-712-2,3146,6/26/2025,1,3311,5,Debit Card,DELIVERED,New Delhi,3311,165.55,3145.45
475,184208283-330-54,4963,1/29/2025,2,2481,10,COD,CANCELLED,Mumbai,4962,496.2,4465.8
476,184208283-330-54,2768,3/4/2025,2,2481,0,UPI,PLACED,Chennai,4962,0,4962
477,186626958-330-2,2060,5/30/2025,4,2315,15,Debit Card,SHIPPED,New Delhi,9260,1389,7871
478,189870341-712-2,3327,6/3/2025,2,3311,0,Debit Card,DELIVERED,Gurgaon,6622,0,6622
479,186626958-330-2,4420,6/5/2025,2,2315,20,COD,PLACED,New Delhi,4630,926,3704
480,189870341-712-2,3544,4/24/2025,4,3311,15,Net Banking,PLACED,Bengaluru,13244,1986.6,11257.4
481,169630016-044-1,1301,2/18/2025,2,5801,10,Credit Card,SHIPPED,Bengaluru,11602,1160.2,10441.8
482,162799308-500-1,1180,3/22/2025,3,5801,20,COD,PLACED,Bhubaneswar,17403,3480.6,13922.4
483,189870341-712-2,1606,3/25/2025,1,3311,15,Credit Card,DELIVERED,Mumbai,3311,496.65,2814.35
484,186626958-330-2,4170,4/15/2025,1,2315,10,Net Banking,SHIPPED,New Delhi,2315,231.5,2083.5
485,162799308-500-1,1699,6/26/2025,1,5801,0,Debit Card,DELIVERED,Ahmedabad,5801,0,5801
486,162799308-500-1,1992,5/28/2025,1,5801,15,Credit Card,DELIVERED,Kolkata,5801,870.15,4930.85
487,186626958-330-2,2139,4/28/2025,4,2315,10,UPI,DELIVERED,Bhubaneswar,9260,926,8334
488,184208283-330-54,1190,3/27/2025,1,2481,0,UPI,DELIVERED,Gurgaon,2481,0,2481
489,169630016-044-1,3300,3/4/2025,1,5801,20,COD,DELIVERED,Bhubaneswar,5801,1160.2,4640.8
490,162799308-500-1,1980,4/14/2025,1,5801,20,Net Banking,SHIPPED,Mumbai,5801,1160.2,4640.8
491,189870341-712-2,3975,2/18/2025,1,3311,20,COD,DELIVERED,Ahmedabad,3311,662.2,2648.8
492,189870341-712-2,3006,3/12/2025,3,3311,20,COD,DELIVERED,New Delhi,9933,1986.6,7946.4
493,162799308-500-1,2184,1/1/2025,1,5801,5,COD,DELIVERED,Bengaluru,5801,290.05,5510.95
494,186626958-330-2,4327,5/21/2025,3,2315,15,UPI,DELIVERED,Bhubaneswar,6945,1041.75,5903.25
495,169630016-044-1,4394,6/28/2025,4,5801,15,UPI,SHIPPED,Gurgaon,23204,3480.6,19723.4
496,169630016-044-1,1127,5/3/2025,2,5801,5,COD,SHIPPED,New Delhi,11602,580.1,11021.9
497,184208283-330-54,3065,3/3/2025,1,2481,10,UPI,DELIVERED,Kolkata,2481,248.1,2232.9
498,186626958-330-2,2816,2/1/2025,2,2315,10,Net Banking,PLACED,Ahmedabad,4630,463,4167
499,162799308-500-1,2758,6/7/2025,2,5801,20,COD,DELIVERED,Bengaluru,11602,2320.4,9281.6
500,189870341-712-2,3613,1/29/2025,4,3311,0,UPI,SHIPPED,Mumbai,13244,0,13244
501,189870341-712-2,1569,2/18/2025,2,3311,10,Credit Card,PLACED,Ahmedabad,6622,662.2,5959.8
502,189870341-712-2,2346,6/22/2025,3,3311,0,COD,PLACED,Kolkata,9933,0,9933
503,184208283-330-54,2895,1/30/2025,2,2481,15,COD,PLACED,Gurgaon,4962,744.3,4217.7
504,186626958-330-2,3733,5/24/2025,2,2315,0,Net Banking,DELIVERED,Bengaluru,4630,0,4630
505,186626958-330-2,4863,6/17/2025,2,2315,15,Debit Card,SHIPPED,Bengaluru,4630,694.5,3935.5
506,189870341-712-2,1625,1/19/2025,1,3311,5,Debit Card,CANCELLED,New Delhi,3311,165.55,3145.45
507,169630016-044-1,4359,1/18/2025,1,5801,5,Net Banking,DELIVERED,Mumbai,5801,290.05,5510.95
508,162799308-500-1,3901,1/1/2025,3,5801,20,Net Banking,PLACED,Chennai,17403,3480.6,13922.4
509,184208283-330-54,2686,3/19/2025,3,2481,10,Net Banking,DELIVERED,Bhubaneswar,7443,744.3,6698.7
510,189870341-712-2,4009,4/25/2025,1,3311,20,Debit Card,DELIVERED,Ahmedabad,3311,662.2,2648.8
511,184208283-330-54,4710,6/24/2025,3,2481,15,Net Banking,DELIVERED,Gurgaon,7443,1116.45,6326.55
512,186626958-330-2,1154,4/23/2025,1,2315,20,UPI,PLACED,Ahmedabad,2315,463,1852
513,184208283-330-54,3537,4/24/2025,4,2481,0,COD,DELIVERED,Kolkata,9924,0,9924
514,162799308-500-1,2409,6/15/2025,2,5801,15,COD,DELIVERED,Bengaluru,11602,1740.3,9861.7
515,184208283-330-54,1784,6/28/2025,2,2481,5,Credit Card,PLACED,Kolkata,4962,248.1,4713.9
516,184208283-330-54,4175,3/4/2025,3,2481,10,Credit Card,PLACED,Gurgaon,7443,744.3,6698.7
517,186626958-330-2,4464,5/12/2025,1,2315,15,COD,DELIVERED,Ahmedabad,2315,347.25,1967.75
518,189870341-712-2,4882,5/9/2025,1,3311,15,UPI,PLACED,Bhubaneswar,3311,496.65,2814.35
519,184208283-330-54,1245,1/8/2025,3,2481,0,Debit Card,DELIVERED,Bengaluru,7443,0,7443
520,189870341-712-2,4247,6/6/2025,1,3311,10,Debit Card,SHIPPED,Gurgaon,3311,331.1,2979.9
521,162799308-500-1,4110,2/24/2025,4,5801,5,UPI,CANCELLED,Bengaluru,23204,1160.2,22043.8
522,162799308-500-1,2500,4/13/2025,2,5801,15,Debit Card,DELIVERED,Bhubaneswar,11602,1740.3,9861.7
523,189870341-712-2,2705,5/11/2025,3,3311,15,Net Banking,PLACED,Gurgaon,9933,1489.95,8443.05
524,184208283-330-54,3806,2/1/2025,3,2481,0,COD,PLACED,Kolkata,7443,0,7443
525,189870341-712-2,1537,1/10/2025,1,3311,20,COD,DELIVERED,New Delhi,3311,662.2,2648.8
526,184208283-330-54,2890,4/20/2025,3,2481,5,UPI,DELIVERED,Bhubaneswar,7443,372.15,7070.85
527,184208283-330-54,2841,6/11/2025,4,2481,10,Debit Card,DELIVERED,Kolkata,9924,992.4,8931.6
528,184208283-330-54,1920,5/4/2025,1,2481,15,Credit Card,SHIPPED,Chennai,2481,372.15,2108.85
529,169630016-044-1,3455,3/28/2025,1,5801,15,Credit Card,SHIPPED,Gurgaon,5801,870.15,4930.85
530,169630016-044-1,1524,2/24/2025,1,5801,5,Debit Card,PLACED,Gurgaon,5801,290.05,5510.95
531,186626958-330-2,3875,2/1/2025,1,2315,20,Credit Card,DELIVERED,Bengaluru,2315,463,1852
532,189870341-712-2,2529,6/27/2025,4,3311,15,UPI,PLACED,Chennai,13244,1986.6,11257.4
533,169630016-044-1,3950,5/15/2025,1,5801,5,UPI,SHIPPED,Bhubaneswar,5801,290.05,5510.95
534,184208283-330-54,4896,4/3/2025,3,2481,0,Debit Card,DELIVERED,New Delhi,7443,0,7443
535,189870341-712-2,1035,1/8/2025,4,3311,20,Credit Card,CANCELLED,Bhubaneswar,13244,2648.8,10595.2
536,186626958-330-2,1684,3/6/2025,2,2315,10,UPI,SHIPPED,Kolkata,4630,463,4167
537,184208283-330-54,1019,2/26/2025,2,2481,15,UPI,SHIPPED,Ahmedabad,4962,744.3,4217.7
538,169630016-044-1,3368,3/8/2025,3,5801,5,Net Banking,DELIVERED,Chennai,17403,870.15,16532.85
539,169630016-044-1,4847,3/13/2025,3,5801,0,Net Banking,DELIVERED,Mumbai,17403,0,17403
540,189870341-712-2,3559,2/23/2025,4,3311,10,UPI,SHIPPED,Bhubaneswar,13244,1324.4,11919.6
541,162799308-500-1,1399,3/8/2025,2,5801,5,Debit Card,CANCELLED,Bengaluru,11602,580.1,11021.9
542,189870341-712-2,3701,2/20/2025,2,3311,5,COD,DELIVERED,Mumbai,6622,331.1,6290.9
543,162799308-500-1,1971,4/7/2025,2,5801,10,COD,SHIPPED,Chennai,11602,1160.2,10441.8
544,169630016-044-1,2906,4/2/2025,2,5801,0,UPI,SHIPPED,Chennai,11602,0,11602
545,169630016-044-1,3518,1/8/2025,2,5801,0,UPI,DELIVERED,Bhubaneswar,11602,0,11602
546,189870341-712-2,2166,6/11/2025,1,3311,20,UPI,DELIVERED,New Delhi,3311,662.2,2648.8
547,189870341-712-2,2115,2/4/2025,3,3311,15,Debit Card,PLACED,Ahmedabad,9933,1489.95,8443.05
548,189870341-712-2,4425,4/6/2025,1,3311,10,Net Banking,DELIVERED,Bengaluru,3311,331.1,2979.9
549,186626958-330-2,1833,3/29/2025,2,2315,10,UPI,DELIVERED,Kolkata,4630,463,4167
550,169630016-044-1,2823,3/19/2025,4,5801,10,UPI,SHIPPED,Bengaluru,23204,2320.4,20883.6
551,169630016-044-1,3774,2/1/2025,4,5801,0,Credit Card,DELIVERED,Ahmedabad,23204,0,23204
552,184208283-330-54,2982,4/30/2025,2,2481,15,Debit Card,CANCELLED,Gurgaon,4962,744.3,4217.7
553,186626958-330-2,1853,2/15/2025,2,2315,20,UPI,PLACED,Ahmedabad,4630,926,3704
554,162799308-500-1,1050,5/24/2025,4,5801,5,Credit Card,SHIPPED,New Delhi,23204,1160.2,22043.8
555,189870341-712-2,4736,6/14/2025,1,3311,5,COD,SHIPPED,Bengaluru,3311,165.55,3145.45
556,162799308-500-1,4769,5/22/2025,1,5801,10,UPI,DELIVERED,Kolkata,5801,580.1,5220.9
557,184208283-330-54,1574,2/24/2025,2,2481,15,UPI,CANCELLED,Kolkata,4962,744.3,4217.7
558,186626958-330-2,4261,6/25/2025,1,2315,0,Credit Card,SHIPPED,New Delhi,2315,0,2315
559,162799308-500-1,2148,1/7/2025,4,5801,15,Debit Card,DELIVERED,Bengaluru,23204,3480.6,19723.4
560,162799308-500-1,3197,3/15/2025,1,5801,15,UPI,DELIVERED,New Delhi,5801,870.15,4930.85
561,184208283-330-54,3361,1/7/2025,2,2481,0,COD,DELIVERED,Kolkata,4962,0,4962
562,169630016-044-1,3617,6/10/2025,4,5801,10,UPI,SHIPPED,Kolkata,23204,2320.4,20883.6
563,189870341-712-2,4413,5/31/2025,1,3311,15,COD,SHIPPED,Mumbai,3311,496.65,2814.35
564,184208283-330-54,3352,3/26/2025,3,2481,5,Net Banking,SHIPPED,Kolkata,7443,372.15,7070.85
565,186626958-330-2,2715,5/27/2025,4,2315,0,Net Banking,DELIVERED,Ahmedabad,9260,0,9260
566,169630016-044-1,1681,4/22/2025,4,5801,20,COD,PLACED,New Delhi,23204,4640.8,18563.2
567,186626958-330-2,1837,5/5/2025,3,2315,10,Debit Card,CANCELLED,Gurgaon,6945,694.5,6250.5
568,184208283-330-54,4854,5/27/2025,3,2481,0,UPI,PLACED,Gurgaon,7443,0,7443
569,184208283-330-54,2077,2/5/2025,4,2481,20,UPI,SHIPPED,Bengaluru,9924,1984.8,7939.2
570,189870341-712-2,4050,1/29/2025,3,3311,20,Net Banking,DELIVERED,Chennai,9933,1986.6,7946.4
571,162799308-500-1,3491,3/23/2025,2,5801,15,COD,DELIVERED,Gurgaon,11602,1740.3,9861.7
572,186626958-330-2,3660,1/2/2025,2,2315,15,UPI,PLACED,Ahmedabad,4630,694.5,3935.5
573,186626958-330-2,4040,5/9/2025,2,2315,15,UPI,SHIPPED,New Delhi,4630,694.5,3935.5
574,162799308-500-1,3311,2/16/2025,4,5801,0,Debit Card,CANCELLED,Bhubaneswar,23204,0,23204
575,162799308-500-1,4124,5/28/2025,3,5801,0,Credit Card,SHIPPED,Bhubaneswar,17403,0,17403
576,162799308-500-1,2595,1/11/2025,3,5801,10,Net Banking,SHIPPED,Bhubaneswar,17403,1740.3,15662.7
577,186626958-330-2,4051,5/10/2025,1,2315,15,Net Banking,DELIVERED,Gurgaon,2315,347.25,1967.75
578,162799308-500-1,4691,4/29/2025,1,5801,20,Credit Card,PLACED,Chennai,5801,1160.2,4640.8
579,169630016-044-1,1004,5/20/2025,3,5801,5,UPI,SHIPPED,Bengaluru,17403,870.15,16532.85
580,184208283-330-54,2126,1/20/2025,3,2481,10,Debit Card,SHIPPED,Mumbai,7443,744.3,6698.7
581,186626958-330-2,2219,1/5/2025,3,2315,0,Debit Card,SHIPPED,New Delhi,6945,0,6945
582,162799308-500-1,1773,2/6/2025,4,5801,10,Net Banking,SHIPPED,Mumbai,23204,2320.4,20883.6
583,162799308-500-1,1876,6/15/2025,3,5801,10,Debit Card,PLACED,Chennai,17403,1740.3,15662.7
584,186626958-330-2,1991,5/17/2025,1,2315,10,Credit Card,SHIPPED,Chennai,2315,231.5,2083.5
585,169630016-044-1,3931,2/22/2025,4,5801,10,UPI,PLACED,Bengaluru,23204,2320.4,20883.6
586,169630016-044-1,4421,6/21/2025,3,5801,5,Credit Card,DELIVERED,Kolkata,17403,870.15,16532.85
587,186626958-330-2,1046,4/9/2025,1,2315,15,COD,SHIPPED,New Delhi,2315,347.25,1967.75
588,184208283-330-54,3914,3/27/2025,4,2481,20,Net Banking,SHIPPED,Bengaluru,9924,1984.8,7939.2
589,169630016-044-1,3870,4/18/2025,3,5801,10,Debit Card,DELIVERED,Gurgaon,17403,1740.3,15662.7
590,162799308-500-1,3983,1/24/2025,3,5801,10,COD,DELIVERED,Mumbai,17403,1740.3,15662.7
591,189870341-712-2,4891,3/22/2025,3,3311,10,Debit Card,PLACED,Ahmedabad,9933,993.3,8939.7
592,186626958-330-2,3703,6/7/2025,4,2315,15,UPI,CANCELLED,Bengaluru,9260,1389,7871
593,186626958-330-2,1268,4/30/2025,1,2315,0,UPI,SHIPPED,Mumbai,2315,0,2315
594,169630016-044-1,1369,2/28/2025,1,5801,0,UPI,PLACED,Mumbai,5801,0,5801
595,186626958-330-2,1635,5/8/2025,2,2315,5,Debit Card,DELIVERED,Bengaluru,4630,231.5,4398.5
596,184208283-330-54,2129,4/24/2025,3,2481,0,COD,DELIVERED,Gurgaon,7443,0,7443
597,162799308-500-1,2693,4/25/2025,2,5801,10,UPI,SHIPPED,Gurgaon,11602,1160.2,10441.8
598,184208283-330-54,2682,1/14/2025,2,2481,10,COD,SHIPPED,Kolkata,4962,496.2,4465.8
599,186626958-330-2,1656,1/9/2025,1,2315,10,Debit Card,DELIVERED,Chennai,2315,231.5,2083.5
600,189870341-712-2,1119,2/9/2025,4,3311,5,COD,SHIPPED,New Delhi,13244,662.2,12581.8
601,189870341-712-2,1830,1/25/2025,4,3311,10,Debit Card,CANCELLED,New Delhi,13244,1324.4,11919.6
602,184208283-330-54,2810,4/13/2025,1,2481,0,Debit Card,SHIPPED,Gurgaon,2481,0,2481
603,169630016-044-1,4675,1/22/2025,4,5801,15,Net Banking,DELIVERED,Mumbai,23204,3480.6,19723.4
604,169630016-044-1,2081,1/4/2025,2,5801,15,Debit Card,DELIVERED,New Delhi,11602,1740.3,9861.7
605,184208283-330-54,2974,6/3/2025,3,2481,20,Debit Card,DELIVERED,Chennai,7443,1488.6,5954.4
606,184208283-330-54,2369,1/29/2025,1,2481,0,Credit Card,DELIVERED,Mumbai,2481,0,2481
607,189870341-712-2,1740,4/19/2025,3,3311,10,UPI,DELIVERED,Kolkata,9933,993.3,8939.7
608,169630016-044-1,4545,4/8/2025,4,5801,15,Net Banking,SHIPPED,Chennai,23204,3480.6,19723.4
609,186626958-330-2,1116,2/6/2025,3,2315,0,Net Banking,SHIPPED,Chennai,6945,0,6945
610,184208283-330-54,2853,3/16/2025,4,2481,15,Net Banking,SHIPPED,Ahmedabad,9924,1488.6,8435.4
611,162799308-500-1,3838,3/11/2025,4,5801,10,Credit Card,DELIVERED,Bhubaneswar,23204,2320.4,20883.6
612,186626958-330-2,2150,5/26/2025,2,2315,15,Debit Card,DELIVERED,Mumbai,4630,694.5,3935.5
613,186626958-330-2,4464,5/8/2025,4,2315,20,UPI,SHIPPED,Kolkata,9260,1852,7408
614,162799308-500-1,2931,3/26/2025,2,5801,20,COD,PLACED,Gurgaon,11602,2320.4,9281.6
615,189870341-712-2,2012,2/11/2025,2,3311,15,Debit Card,SHIPPED,Bengaluru,6622,993.3,5628.7
616,186626958-330-2,2664,4/10/2025,2,2315,0,Credit Card,DELIVERED,Kolkata,4630,0,4630
617,169630016-044-1,2081,2/10/2025,1,5801,0,Debit Card,SHIPPED,Mumbai,5801,0,5801
618,186626958-330-2,1633,6/15/2025,1,2315,0,Debit Card,DELIVERED,Kolkata,2315,0,2315
619,189870341-712-2,1512,2/3/2025,4,3311,15,Credit Card,CANCELLED,Ahmedabad,13244,1986.6,11257.4
620,169630016-044-1,4822,1/17/2025,2,5801,0,Net Banking,PLACED,Chennai,11602,0,11602
621,162799308-500-1,3849,6/14/2025,1,5801,10,Net Banking,SHIPPED,New Delhi,5801,580.1,5220.9
622,189870341-712-2,2119,6/2/2025,2,3311,20,UPI,SHIPPED,New Delhi,6622,1324.4,5297.6
623,169630016-044-1,4709,5/2/2025,3,5801,10,UPI,SHIPPED,Mumbai,17403,1740.3,15662.7
624,189870341-712-2,2141,3/17/2025,3,3311,0,Net Banking,PLACED,Bhubaneswar,9933,0,9933
625,186626958-330-2,1559,3/28/2025,3,2315,10,COD,PLACED,Bhubaneswar,6945,694.5,6250.5
626,189870341-712-2,4672,4/27/2025,4,3311,0,Debit Card,DELIVERED,Mumbai,13244,0,13244
627,184208283-330-54,1487,4/16/2025,2,2481,15,COD,SHIPPED,Gurgaon,4962,744.3,4217.7
628,189870341-712-2,4308,3/27/2025,3,3311,10,Debit Card,SHIPPED,Gurgaon,9933,993.3,8939.7
629,186626958-330-2,4956,1/27/2025,1,2315,15,Net Banking,CANCELLED,Bhubaneswar,2315,347.25,1967.75
630,186626958-330-2,1896,2/26/2025,3,2315,15,UPI,DELIVERED,Bengaluru,6945,1041.75,5903.25
631,186626958-330-2,4343,1/31/2025,3,2315,5,UPI,PLACED,Bengaluru,6945,347.25,6597.75
632,169630016-044-1,2212,5/14/2025,3,5801,0,COD,DELIVERED,Bhubaneswar,17403,0,17403
633,189870341-712-2,1703,6/17/2025,4,3311,20,UPI,SHIPPED,Kolkata,13244,2648.8,10595.2
634,162799308-500-1,2470,4/8/2025,1,5801,0,Net Banking,DELIVERED,Bhubaneswar,5801,0,5801
635,189870341-712-2,1580,1/12/2025,2,3311,20,COD,DELIVERED,Bhubaneswar,6622,1324.4,5297.6
636,162799308-500-1,3837,2/22/2025,1,5801,0,Debit Card,DELIVERED,Gurgaon,5801,0,5801
637,184208283-330-54,3908,5/18/2025,2,2481,15,UPI,SHIPPED,Gurgaon,4962,744.3,4217.7
638,186626958-330-2,3294,6/22/2025,4,2315,10,Credit Card,DELIVERED,Kolkata,9260,926,8334
639,162799308-500-1,4147,5/25/2025,4,5801,10,UPI,PLACED,Kolkata,23204,2320.4,20883.6
640,186626958-330-2,1153,6/3/2025,4,2315,5,Debit Card,PLACED,Chennai,9260,463,8797
641,184208283-330-54,2679,5/2/2025,4,2481,20,COD,SHIPPED,Ahmedabad,9924,1984.8,7939.2
642,189870341-712-2,4506,2/15/2025,2,3311,20,Debit Card,PLACED,Bhubaneswar,6622,1324.4,5297.6
643,186626958-330-2,1996,3/5/2025,3,2315,20,Credit Card,SHIPPED,Ahmedabad,6945,1389,5556
644,189870341-712-2,4157,5/10/2025,2,3311,15,Net Banking,DELIVERED,Chennai,6622,993.3,5628.7
645,184208283-330-54,3744,2/23/2025,1,2481,20,UPI,CANCELLED,New Delhi,2481,496.2,1984.8
646,189870341-712-2,4356,4/17/2025,4,3311,10,COD,SHIPPED,Mumbai,13244,1324.4,11919.6
647,184208283-330-54,2243,2/20/2025,4,2481,15,Net Banking,SHIPPED,Ahmedabad,9924,1488.6,8435.4
648,184208283-330-54,2092,2/5/2025,1,2481,0,Debit Card,SHIPPED,Bhubaneswar,2481,0,2481
649,189870341-712-2,4118,4/25/2025,2,3311,20,COD,SHIPPED,New Delhi,6622,1324.4,5297.6
650,186626958-330-2,2008,1/26/2025,3,2315,20,Net Banking,PLACED,Mumbai,6945,1389,5556
651,162799308-500-1,3141,1/29/2025,3,5801,0,COD,CANCELLED,Ahmedabad,17403,0,17403
652,189870341-712-2,2773,5/29/2025,1,3311,20,Credit Card,SHIPPED,Chennai,3311,662.2,2648.8
653,162799308-500-1,1957,1/11/2025,3,5801,0,Credit Card,SHIPPED,Chennai,17403,0,17403
654,184208283-330-54,4059,2/9/2025,2,2481,15,UPI,PLACED,Gurgaon,4962,744.3,4217.7
655,169630016-044-1,1452,1/11/2025,2,5801,10,UPI,DELIVERED,New Delhi,11602,1160.2,10441.8
656,189870341-712-2,2227,6/13/2025,1,3311,0,Credit Card,DELIVERED,Ahmedabad,3311,0,3311
657,186626958-330-2,3959,4/23/2025,2,2315,5,COD,CANCELLED,Chennai,4630,231.5,4398.5
658,162799308-500-1,3265,2/8/2025,4,5801,0,Credit Card,DELIVERED,Kolkata,23204,0,23204
659,189870341-712-2,3521,2/23/2025,1,3311,20,UPI,SHIPPED,Gurgaon,3311,662.2,2648.8
660,184208283-330-54,3479,4/8/2025,2,2481,15,Credit Card,SHIPPED,Mumbai,4962,744.3,4217.7
661,189870341-712-2,3388,2/24/2025,1,3311,15,Credit Card,DELIVERED,Bengaluru,3311,496.65,2814.35
662,186626958-330-2,1550,4/21/2025,3,2315,0,COD,SHIPPED,Bengaluru,6945,0,6945
663,169630016-044-1,2635,6/1/2025,2,5801,10,Net Banking,DELIVERED,Mumbai,11602,1160.2,10441.8
664,186626958-330-2,2312,5/30/2025,4,2315,5,UPI,PLACED,Gurgaon,9260,463,8797
665,169630016-044-1,4325,3/10/2025,2,5801,15,COD,PLACED,Kolkata,11602,1740.3,9861.7
666,189870341-712-2,2757,2/25/2025,1,3311,20,Credit Card,DELIVERED,Mumbai,3311,662.2,2648.8
667,162799308-500-1,1356,2/2/2025,1,5801,20,Credit Card,DELIVERED,Bengaluru,5801,1160.2,4640.8
668,162799308-500-1,3070,2/5/2025,2,5801,10,Net Banking,DELIVERED,Kolkata,11602,1160.2,10441.8
669,162799308-500-1,2785,5/28/2025,4,5801,15,UPI,PLACED,Kolkata,23204,3480.6,19723.4
670,162799308-500-1,3569,3/22/2025,4,5801,0,UPI,DELIVERED,Bhubaneswar,23204,0,23204
671,189870341-712-2,2781,4/19/2025,4,3311,20,Debit Card,PLACED,Kolkata,13244,2648.8,10595.2
672,189870341-712-2,4908,6/3/2025,1,3311,10,UPI,PLACED,Kolkata,3311,331.1,2979.9
673,186626958-330-2,4171,3/14/2025,2,2315,15,Net Banking,SHIPPED,Ahmedabad,4630,694.5,3935.5
674,162799308-500-1,3849,2/9/2025,3,5801,15,Debit Card,PLACED,Ahmedabad,17403,2610.45,14792.55
675,189870341-712-2,4251,1/17/2025,1,3311,15,Debit Card,SHIPPED,New Delhi,3311,496.65,2814.35
676,189870341-712-2,4294,5/9/2025,4,3311,15,Credit Card,SHIPPED,Kolkata,13244,1986.6,11257.4
677,186626958-330-2,4977,3/2/2025,2,2315,15,Credit Card,SHIPPED,Bengaluru,4630,694.5,3935.5
678,169630016-044-1,3809,6/20/2025,4,5801,20,UPI,PLACED,Kolkata,23204,4640.8,18563.2
679,186626958-330-2,4730,4/14/2025,3,2315,10,Debit Card,PLACED,Mumbai,6945,694.5,6250.5
680,184208283-330-54,3489,2/11/2025,4,2481,15,Credit Card,PLACED,Ahmedabad,9924,1488.6,8435.4
681,162799308-500-1,2631,1/25/2025,4,5801,5,Net Banking,PLACED,Kolkata,23204,1160.2,22043.8
682,184208283-330-54,3816,2/8/2025,3,2481,5,Credit Card,DELIVERED,Chennai,7443,372.15,7070.85
683,186626958-330-2,2015,2/4/2025,2,2315,10,Credit Card,SHIPPED,Chennai,4630,463,4167
684,169630016-044-1,2348,5/11/2025,1,5801,0,Debit Card,SHIPPED,Bhubaneswar,5801,0,5801
685,189870341-712-2,1515,4/18/2025,2,3311,0,Debit Card,SHIPPED,Bhubaneswar,6622,0,6622
686,186626958-330-2,4087,6/21/2025,3,2315,0,COD,DELIVERED,Ahmedabad,6945,0,6945
687,162799308-500-1,3839,6/28/2025,4,5801,5,Net Banking,DELIVERED,Gurgaon,23204,1160.2,22043.8
688,169630016-044-1,1335,4/12/2025,2,5801,0,Debit Card,DELIVERED,Bhubaneswar,11602,0,11602
689,186626958-330-2,2782,4/8/2025,1,2315,20,UPI,DELIVERED,Mumbai,2315,463,1852
690,189870341-712-2,3305,1/12/2025,3,3311,15,Net Banking,SHIPPED,Ahmedabad,9933,1489.95,8443.05
691,162799308-500-1,1496,1/19/2025,2,5801,5,Net Banking,DELIVERED,Bhubaneswar,11602,580.1,11021.9
692,189870341-712-2,1895,4/11/2025,1,3311,10,Debit Card,DELIVERED,New Delhi,3311,331.1,2979.9
693,162799308-500-1,3207,2/13/2025,3,5801,10,Net Banking,SHIPPED,New Delhi,17403,1740.3,15662.7
694,189870341-712-2,4546,2/18/2025,1,3311,15,Debit Card,SHIPPED,New Delhi,3311,496.65,2814.35
695,184208283-330-54,1851,1/17/2025,3,2481,5,Credit Card,SHIPPED,Mumbai,7443,372.15,7070.85
696,189870341-712-2,2687,3/15/2025,4,3311,0,COD,CANCELLED,Bhubaneswar,13244,0,13244
697,186626958-330-2,2931,2/26/2025,2,2315,0,Credit Card,DELIVERED,Ahmedabad,4630,0,4630
698,184208283-330-54,3737,2/24/2025,1,2481,20,Debit Card,DELIVERED,Kolkata,2481,496.2,1984.8
699,189870341-712-2,4746,2/16/2025,3,3311,20,Debit Card,SHIPPED,Ahmedabad,9933,1986.6,7946.4
700,169630016-044-1,3427,1/12/2025,1,5801,0,Credit Card,SHIPPED,Bhubaneswar,5801,0,5801
701,189870341-712-2,2568,3/3/2025,1,3311,10,UPI,PLACED,Mumbai,3311,331.1,2979.9
702,189870341-712-2,1956,3/21/2025,2,3311,10,UPI,PLACED,Chennai,6622,662.2,5959.8
703,162799308-500-1,3738,3/24/2025,4,5801,20,UPI,DELIVERED,Kolkata,23204,4640.8,18563.2
704,169630016-044-1,4498,1/8/2025,1,5801,15,Debit Card,DELIVERED,Kolkata,5801,870.15,4930.85
705,184208283-330-54,2636,5/29/2025,3,2481,0,Net Banking,SHIPPED,Mumbai,7443,0,7443
706,184208283-330-54,2291,3/22/2025,3,2481,20,Debit Card,DELIVERED,New Delhi,7443,1488.6,5954.4
707,162799308-500-1,4906,4/28/2025,4,5801,20,Net Banking,SHIPPED,Ahmedabad,23204,4640.8,18563.2
708,186626958-330-2,4648,1/25/2025,3,2315,0,Credit Card,CANCELLED,Gurgaon,6945,0,6945
709,169630016-044-1,2440,3/30/2025,4,5801,0,COD,SHIPPED,Bengaluru,23204,0,23204
710,184208283-330-54,2191,1/12/2025,3,2481,10,Net Banking,SHIPPED,Bengaluru,7443,744.3,6698.7
711,186626958-330-2,4913,5/23/2025,2,2315,15,UPI,SHIPPED,Bengaluru,4630,694.5,3935.5
712,189870341-712-2,2066,2/28/2025,1,3311,15,Debit Card,PLACED,Bengaluru,3311,496.65,2814.35
713,184208283-330-54,4627,6/3/2025,2,2481,0,Credit Card,PLACED,Gurgaon,4962,0,4962
714,162799308-500-1,1284,4/19/2025,1,5801,5,UPI,DELIVERED,Bengaluru,5801,290.05,5510.95
715,184208283-330-54,3444,1/26/2025,1,2481,20,Credit Card,DELIVERED,Mumbai,2481,496.2,1984.8
716,162799308-500-1,1011,2/16/2025,1,5801,20,COD,DELIVERED,Ahmedabad,5801,1160.2,4640.8
717,189870341-712-2,2630,2/1/2025,2,3311,0,Debit Card,PLACED,Kolkata,6622,0,6622
718,169630016-044-1,4373,1/10/2025,1,5801,5,Debit Card,DELIVERED,Chennai,5801,290.05,5510.95
719,186626958-330-2,4969,1/16/2025,2,2315,10,COD,PLACED,New Delhi,4630,463,4167
720,162799308-500-1,4324,5/25/2025,4,5801,0,Debit Card,PLACED,Kolkata,23204,0,23204
721,162799308-500-1,3546,5/31/2025,3,5801,0,Net Banking,DELIVERED,Bengaluru,17403,0,17403
722,162799308-500-1,1753,1/26/2025,3,5801,20,Credit Card,DELIVERED,Mumbai,17403,3480.6,13922.4
723,184208283-330-54,3082,3/27/2025,1,2481,0,UPI,PLACED,Gurgaon,2481,0,2481
724,169630016-044-1,3774,5/15/2025,2,5801,0,COD,PLACED,Gurgaon,11602,0,11602
725,162799308-500-1,3896,1/14/2025,3,5801,0,Net Banking,CANCELLED,Bhubaneswar,17403,0,17403
726,184208283-330-54,1089,3/20/2025,2,2481,20,UPI,PLACED,Chennai,4962,992.4,3969.6
727,189870341-712-2,1775,4/27/2025,2,3311,10,UPI,SHIPPED,Kolkata,6622,662.2,5959.8
728,186626958-330-2,3652,1/7/2025,1,2315,10,COD,DELIVERED,Bhubaneswar,2315,231.5,2083.5
729,162799308-500-1,4993,5/17/2025,3,5801,0,Net Banking,PLACED,Kolkata,17403,0,17403
730,169630016-044-1,4017,4/25/2025,1,5801,20,UPI,PLACED,Ahmedabad,5801,1160.2,4640.8
731,162799308-500-1,2625,6/25/2025,1,5801,10,UPI,SHIPPED,New Delhi,5801,580.1,5220.9
732,189870341-712-2,4069,3/13/2025,3,3311,10,Net Banking,DELIVERED,Gurgaon,9933,993.3,8939.7
733,169630016-044-1,1417,2/28/2025,3,5801,10,Debit Card,DELIVERED,Bengaluru,17403,1740.3,15662.7
734,186626958-330-2,1114,3/23/2025,4,2315,20,UPI,DELIVERED,Bengaluru,9260,1852,7408
735,184208283-330-54,1616,4/26/2025,4,2481,20,Credit Card,CANCELLED,Chennai,9924,1984.8,7939.2
736,184208283-330-54,4974,6/16/2025,2,2481,0,Net Banking,DELIVERED,Mumbai,4962,0,4962
737,189870341-712-2,4267,5/26/2025,3,3311,15,UPI,SHIPPED,Bhubaneswar,9933,1489.95,8443.05
738,184208283-330-54,1825,4/13/2025,4,2481,10,COD,SHIPPED,Chennai,9924,992.4,8931.6
739,162799308-500-1,4572,1/17/2025,2,5801,15,Credit Card,DELIVERED,New Delhi,11602,1740.3,9861.7
740,189870341-712-2,2649,1/14/2025,2,3311,20,UPI,DELIVERED,Chennai,6622,1324.4,5297.6
741,162799308-500-1,2516,6/8/2025,2,5801,20,Credit Card,DELIVERED,Mumbai,11602,2320.4,9281.6
742,186626958-330-2,4146,6/1/2025,4,2315,20,Credit Card,DELIVERED,Bhubaneswar,9260,1852,7408
743,189870341-712-2,1412,4/18/2025,3,3311,15,Debit Card,PLACED,Ahmedabad,9933,1489.95,8443.05
744,184208283-330-54,4447,2/14/2025,1,2481,20,Credit Card,SHIPPED,Kolkata,2481,496.2,1984.8
745,189870341-712-2,4491,4/8/2025,2,3311,0,Debit Card,SHIPPED,Bengaluru,6622,0,6622
746,162799308-500-1,1728,5/11/2025,4,5801,20,Net Banking,PLACED,Ahmedabad,23204,4640.8,18563.2
747,184208283-330-54,4348,2/6/2025,4,2481,5,Debit Card,PLACED,Chennai,9924,496.2,9427.8
748,186626958-330-2,4068,6/20/2025,1,2315,15,COD,DELIVERED,Chennai,2315,347.25,1967.75
749,169630016-044-1,3808,6/17/2025,1,5801,5,UPI,DELIVERED,Bhubaneswar,5801,290.05,5510.95
750,184208283-330-54,1675,4/18/2025,4,2481,20,Net Banking,SHIPPED,Gurgaon,9924,1984.8,7939.2
751,162799308-500-1,4465,2/8/2025,3,5801,0,Net Banking,SHIPPED,Ahmedabad,17403,0,17403
752,162799308-500-1,2892,1/15/2025,1,5801,10,COD,SHIPPED,Ahmedabad,5801,580.1,5220.9
753,169630016-044-1,3504,4/30/2025,4,5801,20,Debit Card,PLACED,Chennai,23204,4640.8,18563.2
754,162799308-500-1,3967,1/4/2025,1,5801,0,UPI,DELIVERED,Gurgaon,5801,0,5801
755,169630016-044-1,3239,4/3/2025,3,5801,15,Debit Card,DELIVERED,Bengaluru,17403,2610.45,14792.55
756,186626958-330-2,3786,6/2/2025,2,2315,5,Credit Card,DELIVERED,Ahmedabad,4630,231.5,4398.5
757,186626958-330-2,4760,5/21/2025,1,2315,5,Debit Card,DELIVERED,Bengaluru,2315,115.75,2199.25
758,169630016-044-1,2122,6/10/2025,3,5801,5,Net Banking,DELIVERED,Bhubaneswar,17403,870.15,16532.85
759,169630016-044-1,2571,1/16/2025,4,5801,15,UPI,PLACED,Ahmedabad,23204,3480.6,19723.4
760,189870341-712-2,1977,6/19/2025,1,3311,0,Debit Card,SHIPPED,Gurgaon,3311,0,3311
761,186626958-330-2,2008,4/18/2025,1,2315,15,UPI,PLACED,Kolkata,2315,347.25,1967.75
762,169630016-044-1,3143,5/6/2025,4,5801,5,UPI,CANCELLED,Ahmedabad,23204,1160.2,22043.8
763,186626958-330-2,2687,2/24/2025,2,2315,20,Credit Card,PLACED,Bengaluru,4630,926,3704
764,189870341-712-2,3710,6/19/2025,4,3311,10,Credit Card,PLACED,Gurgaon,13244,1324.4,11919.6
765,189870341-712-2,4261,2/3/2025,1,3311,15,Net Banking,DELIVERED,New Delhi,3311,496.65,2814.35
766,189870341-712-2,4807,6/7/2025,4,3311,15,COD,CANCELLED,Bengaluru,13244,1986.6,11257.4
767,169630016-044-1,1036,1/13/2025,3,5801,0,UPI,DELIVERED,Bengaluru,17403,0,17403
768,186626958-330-2,4851,5/21/2025,4,2315,0,COD,PLACED,Chennai,9260,0,9260
769,189870341-712-2,4440,1/18/2025,1,3311,15,Net Banking,PLACED,New Delhi,3311,496.65,2814.35
770,162799308-500-1,4766,6/9/2025,4,5801,5,UPI,SHIPPED,Bengaluru,23204,1160.2,22043.8
771,186626958-330-2,2548,4/6/2025,2,2315,10,UPI,PLACED,Mumbai,4630,463,4167
772,186626958-330-2,3326,5/3/2025,4,2315,0,COD,PLACED,Bengaluru,9260,0,9260
773,189870341-712-2,3264,2/8/2025,2,3311,5,Debit Card,SHIPPED,Gurgaon,6622,331.1,6290.9
774,162799308-500-1,3914,2/15/2025,3,5801,20,Credit Card,CANCELLED,Bhubaneswar,17403,3480.6,13922.4
775,184208283-330-54,1872,1/29/2025,2,2481,0,Debit Card,SHIPPED,Gurgaon,4962,0,4962
776,162799308-500-1,2821,3/3/2025,4,5801,5,COD,DELIVERED,Chennai,23204,1160.2,22043.8
777,186626958-330-2,2296,1/16/2025,1,2315,5,Credit Card,DELIVERED,Bhubaneswar,2315,115.75,2199.25
778,186626958-330-2,4952,5/1/2025,2,2315,10,Debit Card,SHIPPED,New Delhi,4630,463,4167
779,169630016-044-1,3109,1/10/2025,3,5801,10,Credit Card,DELIVERED,Chennai,17403,1740.3,15662.7
780,169630016-044-1,1595,6/7/2025,2,5801,20,UPI,SHIPPED,Gurgaon,11602,2320.4,9281.6
781,184208283-330-54,2903,6/2/2025,2,2481,5,Debit Card,PLACED,New Delhi,4962,248.1,4713.9
782,169630016-044-1,1728,4/13/2025,2,5801,5,Credit Card,DELIVERED,Gurgaon,11602,580.1,11021.9
783,189870341-712-2,2365,3/25/2025,3,3311,10,Credit Card,PLACED,Gurgaon,9933,993.3,8939.7
784,169630016-044-1,1396,5/13/2025,4,5801,0,Credit Card,CANCELLED,New Delhi,23204,0,23204
785,189870341-712-2,1698,3/6/2025,2,3311,0,Debit Card,PLACED,Mumbai,6622,0,6622
786,184208283-330-54,4090,6/26/2025,2,2481,15,Net Banking,DELIVERED,Ahmedabad,4962,744.3,4217.7
787,184208283-330-54,3224,1/3/2025,1,2481,10,Debit Card,SHIPPED,Chennai,2481,248.1,2232.9
788,186626958-330-2,2635,6/22/2025,3,2315,15,COD,PLACED,Kolkata,6945,1041.75,5903.25
789,184208283-330-54,1395,5/22/2025,2,2481,10,Debit Card,PLACED,Gurgaon,4962,496.2,4465.8
790,189870341-712-2,3492,4/30/2025,3,3311,20,Credit Card,DELIVERED,Ahmedabad,9933,1986.6,7946.4
791,184208283-330-54,4304,6/7/2025,2,2481,5,UPI,DELIVERED,Bengaluru,4962,248.1,4713.9
792,162799308-500-1,4986,3/9/2025,4,5801,20,Debit Card,DELIVERED,Kolkata,23204,4640.8,18563.2
793,162799308-500-1,1075,5/26/2025,4,5801,10,Debit Card,SHIPPED,Ahmedabad,23204,2320.4,20883.6
794,169630016-044-1,1264,2/6/2025,2,5801,5,Credit Card,DELIVERED,Kolkata,11602,580.1,11021.9
795,189870341-712-2,3502,6/2/2025,4,3311,0,UPI,DELIVERED,Bhubaneswar,13244,0,13244
796,184208283-330-54,2819,6/25/2025,2,2481,0,UPI,DELIVERED,Kolkata,4962,0,4962
797,186626958-330-2,1717,3/14/2025,4,2315,15,COD,SHIPPED,Ahmedabad,9260,1389,7871
798,162799308-500-1,3782,5/23/2025,1,5801,10,Debit Card,DELIVERED,Gurgaon,5801,580.1,5220.9
799,186626958-330-2,4455,2/18/2025,1,2315,10,UPI,DELIVERED,Mumbai,2315,231.5,2083.5
800,162799308-500-1,4635,5/1/2025,1,5801,0,UPI,SHIPPED,Gurgaon,5801,0,5801
801,169630016-044-1,1850,3/29/2025,3,5801,20,Net Banking,DELIVERED,Gurgaon,17403,3480.6,13922.4
802,186626958-330-2,4577,5/20/2025,3,2315,5,Net Banking,DELIVERED,Bengaluru,6945,347.25,6597.75
803,186626958-330-2,2390,2/6/2025,1,2315,20,UPI,PLACED,Bengaluru,2315,463,1852
804,189870341-712-2,1143,3/2/2025,3,3311,20,COD,PLACED,Bengaluru,9933,1986.6,7946.4
805,189870341-712-2,1884,6/20/2025,4,3311,0,UPI,SHIPPED,Kolkata,13244,0,13244
806,162799308-500-1,4140,5/4/2025,2,5801,0,Credit Card,DELIVERED,Mumbai,11602,0,11602
807,162799308-500-1,4170,2/8/2025,2,5801,0,Debit Card,DELIVERED,Chennai,11602,0,11602
808,169630016-044-1,1395,3/4/2025,2,5801,15,COD,PLACED,Gurgaon,11602,1740.3,9861.7
809,169630016-044-1,4096,2/15/2025,1,5801,20,Credit Card,DELIVERED,Gurgaon,5801,1160.2,4640.8
810,186626958-330-2,3995,3/29/2025,3,2315,10,COD,DELIVERED,Bengaluru,6945,694.5,6250.5
811,189870341-712-2,3938,1/11/2025,4,3311,5,Credit Card,PLACED,Gurgaon,13244,662.2,12581.8
812,162799308-500-1,2492,3/3/2025,4,5801,15,Debit Card,DELIVERED,Chennai,23204,3480.6,19723.4
813,162799308-500-1,4555,3/18/2025,1,5801,10,Debit Card,CANCELLED,New Delhi,5801,580.1,5220.9
814,189870341-712-2,4636,6/2/2025,4,3311,20,Net Banking,DELIVERED,New Delhi,13244,2648.8,10595.2
815,162799308-500-1,4222,2/21/2025,4,5801,0,Credit Card,DELIVERED,New Delhi,23204,0,23204
816,186626958-330-2,2167,1/4/2025,4,2315,20,Net Banking,CANCELLED,Kolkata,9260,1852,7408
817,189870341-712-2,3616,2/28/2025,4,3311,5,Credit Card,DELIVERED,New Delhi,13244,662.2,12581.8
818,184208283-330-54,2062,3/13/2025,3,2481,15,Net Banking,SHIPPED,Mumbai,7443,1116.45,6326.55
819,162799308-500-1,3156,5/28/2025,4,5801,15,Debit Card,DELIVERED,Gurgaon,23204,3480.6,19723.4
820,162799308-500-1,4764,4/3/2025,2,5801,5,COD,DELIVERED,Kolkata,11602,580.1,11021.9
821,184208283-330-54,2065,3/4/2025,1,2481,10,Net Banking,DELIVERED,Gurgaon,2481,248.1,2232.9
822,184208283-330-54,2209,2/23/2025,3,2481,10,Credit Card,SHIPPED,Gurgaon,7443,744.3,6698.7
823,186626958-330-2,3982,4/27/2025,4,2315,15,Credit Card,DELIVERED,Ahmedabad,9260,1389,7871
824,169630016-044-1,3445,4/20/2025,3,5801,15,Debit Card,PLACED,Kolkata,17403,2610.45,14792.55
825,169630016-044-1,4294,3/15/2025,4,5801,0,Credit Card,CANCELLED,Bengaluru,23204,0,23204
826,186626958-330-2,1633,4/17/2025,2,2315,10,UPI,SHIPPED,Bengaluru,4630,463,4167
827,184208283-330-54,2156,2/26/2025,1,2481,5,COD,PLACED,Ahmedabad,2481,124.05,2356.95
828,162799308-500-1,4234,6/18/2025,4,5801,10,Net Banking,SHIPPED,Mumbai,23204,2320.4,20883.6
829,186626958-330-2,2238,1/3/2025,4,2315,0,COD,PLACED,Gurgaon,9260,0,9260
830,162799308-500-1,1732,4/30/2025,4,5801,15,Debit Card,DELIVERED,Kolkata,23204,3480.6,19723.4
831,169630016-044-1,1234,1/6/2025,4,5801,15,Net Banking,CANCELLED,Mumbai,23204,3480.6,19723.4
832,184208283-330-54,4914,1/5/2025,1,2481,0,Net Banking,DELIVERED,Gurgaon,2481,0,2481
833,189870341-712-2,3705,1/5/2025,1,3311,5,UPI,PLACED,New Delhi,3311,165.55,3145.45
834,169630016-044-1,1750,2/23/2025,2,5801,15,Debit Card,PLACED,Ahmedabad,11602,1740.3,9861.7
835,186626958-330-2,3635,2/16/2025,1,2315,20,Credit Card,DELIVERED,Bhubaneswar,2315,463,1852
836,169630016-044-1,4080,6/26/2025,4,5801,15,UPI,CANCELLED,Gurgaon,23204,3480.6,19723.4
837,186626958-330-2,4145,1/9/2025,2,2315,20,UPI,SHIPPED,Kolkata,4630,926,3704
838,184208283-330-54,1953,4/9/2025,2,2481,0,COD,SHIPPED,Chennai,4962,0,4962
839,186626958-330-2,3539,1/20/2025,2,2315,0,COD,SHIPPED,Bhubaneswar,4630,0,4630
840,162799308-500-1,3960,5/2/2025,4,5801,15,COD,DELIVERED,Chennai,23204,3480.6,19723.4
841,162799308-500-1,4324,3/2/2025,3,5801,10,UPI,DELIVERED,Gurgaon,17403,1740.3,15662.7
842,189870341-712-2,4301,5/3/2025,4,3311,20,Credit Card,SHIPPED,Mumbai,13244,2648.8,10595.2
843,186626958-330-2,2542,6/12/2025,1,2315,5,Net Banking,SHIPPED,Bhubaneswar,2315,115.75,2199.25
844,169630016-044-1,2197,6/27/2025,1,5801,15,COD,DELIVERED,Mumbai,5801,870.15,4930.85
845,184208283-330-54,2676,3/23/2025,4,2481,5,Credit Card,PLACED,Chennai,9924,496.2,9427.8
846,189870341-712-2,2191,3/3/2025,4,3311,15,Debit Card,SHIPPED,Bengaluru,13244,1986.6,11257.4
847,162799308-500-1,3217,5/25/2025,2,5801,10,COD,DELIVERED,Chennai,11602,1160.2,10441.8
848,189870341-712-2,2416,1/3/2025,4,3311,10,Net Banking,PLACED,Mumbai,13244,1324.4,11919.6
849,186626958-330-2,3993,6/9/2025,2,2315,10,Debit Card,PLACED,Chennai,4630,463,4167
850,169630016-044-1,3842,1/13/2025,1,5801,10,Debit Card,DELIVERED,Bengaluru,5801,580.1,5220.9
851,186626958-330-2,3681,4/30/2025,2,2315,0,Net Banking,DELIVERED,New Delhi,4630,0,4630
852,169630016-044-1,2217,5/5/2025,4,5801,0,COD,DELIVERED,Ahmedabad,23204,0,23204
853,169630016-044-1,2540,3/30/2025,1,5801,20,UPI,DELIVERED,Bhubaneswar,5801,1160.2,4640.8
854,189870341-712-2,3076,3/14/2025,3,3311,5,Net Banking,DELIVERED,Mumbai,9933,496.65,9436.35
855,169630016-044-1,4236,3/9/2025,2,5801,15,Net Banking,DELIVERED,Chennai,11602,1740.3,9861.7
856,169630016-044-1,2445,5/22/2025,1,5801,15,Net Banking,SHIPPED,New Delhi,5801,870.15,4930.85
857,186626958-330-2,3386,4/11/2025,2,2315,0,Debit Card,DELIVERED,Gurgaon,4630,0,4630
858,169630016-044-1,4719,4/8/2025,1,5801,15,Credit Card,CANCELLED,Kolkata,5801,870.15,4930.85
859,169630016-044-1,2519,1/11/2025,1,5801,0,UPI,SHIPPED,Kolkata,5801,0,5801
860,169630016-044-1,2388,4/15/2025,2,5801,20,COD,SHIPPED,Gurgaon,11602,2320.4,9281.6
861,169630016-044-1,2856,3/8/2025,3,5801,5,COD,SHIPPED,Ahmedabad,17403,870.15,16532.85
862,189870341-712-2,2365,5/3/2025,1,3311,20,Credit Card,PLACED,Chennai,3311,662.2,2648.8
863,186626958-330-2,1499,1/29/2025,1,2315,10,Net Banking,PLACED,Bhubaneswar,2315,231.5,2083.5
864,162799308-500-1,2680,5/17/2025,1,5801,10,UPI,DELIVERED,Mumbai,5801,580.1,5220.9
865,184208283-330-54,1510,6/2/2025,3,2481,10,COD,CANCELLED,New Delhi,7443,744.3,6698.7
866,169630016-044-1,4398,3/17/2025,3,5801,20,COD,SHIPPED,Mumbai,17403,3480.6,13922.4
867,186626958-330-2,1216,6/19/2025,4,2315,15,Net Banking,PLACED,New Delhi,9260,1389,7871
868,184208283-330-54,2324,1/9/2025,2,2481,5,Credit Card,PLACED,Bhubaneswar,4962,248.1,4713.9
869,184208283-330-54,2155,2/9/2025,3,2481,10,UPI,DELIVERED,Bhubaneswar,7443,744.3,6698.7
870,162799308-500-1,2827,1/25/2025,2,5801,10,Credit Card,SHIPPED,New Delhi,11602,1160.2,10441.8
871,186626958-330-2,4141,1/5/2025,4,2315,10,Credit Card,SHIPPED,Kolkata,9260,926,8334
872,169630016-044-1,4323,5/19/2025,2,5801,5,UPI,SHIPPED,New Delhi,11602,580.1,11021.9
873,162799308-500-1,4486,5/4/2025,3,5801,10,UPI,SHIPPED,Ahmedabad,17403,1740.3,15662.7
874,186626958-330-2,2810,2/7/2025,2,2315,5,COD,SHIPPED,Gurgaon,4630,231.5,4398.5
875,169630016-044-1,3492,3/13/2025,3,5801,10,COD,DELIVERED,Bhubaneswar,17403,1740.3,15662.7
876,189870341-712-2,3923,5/13/2025,2,3311,20,UPI,DELIVERED,New Delhi,6622,1324.4,5297.6
877,162799308-500-1,2205,6/25/2025,3,5801,20,Debit Card,DELIVERED,Kolkata,17403,3480.6,13922.4
878,189870341-712-2,3214,3/31/2025,3,3311,5,COD,SHIPPED,Bengaluru,9933,496.65,9436.35
879,162799308-500-1,1090,5/26/2025,2,5801,20,Debit Card,DELIVERED,Bhubaneswar,11602,2320.4,9281.6
880,169630016-044-1,1713,2/6/2025,4,5801,5,UPI,DELIVERED,Bengaluru,23204,1160.2,22043.8
881,169630016-044-1,2881,3/1/2025,1,5801,20,COD,PLACED,Mumbai,5801,1160.2,4640.8
882,189870341-712-2,4602,6/25/2025,4,3311,20,Credit Card,DELIVERED,Mumbai,13244,2648.8,10595.2
883,184208283-330-54,1038,1/28/2025,2,2481,5,UPI,SHIPPED,Mumbai,4962,248.1,4713.9
884,162799308-500-1,4197,3/22/2025,4,5801,15,Net Banking,DELIVERED,Chennai,23204,3480.6,19723.4
885,186626958-330-2,4522,4/24/2025,3,2315,20,Debit Card,SHIPPED,New Delhi,6945,1389,5556
886,169630016-044-1,1172,2/9/2025,1,5801,10,UPI,CANCELLED,Bengaluru,5801,580.1,5220.9
887,162799308-500-1,1652,2/14/2025,2,5801,15,UPI,PLACED,New Delhi,11602,1740.3,9861.7
888,169630016-044-1,1753,3/3/2025,2,5801,5,COD,DELIVERED,New Delhi,11602,580.1,11021.9
889,186626958-330-2,2243,4/3/2025,2,2315,15,COD,DELIVERED,New Delhi,4630,694.5,3935.5
890,184208283-330-54,4709,4/25/2025,1,2481,0,COD,DELIVERED,Bhubaneswar,2481,0,2481
891,184208283-330-54,2081,3/8/2025,3,2481,0,Net Banking,SHIPPED,Mumbai,7443,0,7443
892,169630016-044-1,2683,2/25/2025,2,5801,20,COD,SHIPPED,New Delhi,11602,2320.4,9281.6
893,186626958-330-2,3523,2/9/2025,4,2315,20,UPI,DELIVERED,Gurgaon,9260,1852,7408
894,184208283-330-54,1455,4/8/2025,2,2481,10,COD,SHIPPED,Bengaluru,4962,496.2,4465.8
895,162799308-500-1,1828,2/9/2025,2,5801,15,Credit Card,SHIPPED,Kolkata,11602,1740.3,9861.7
896,162799308-500-1,1894,4/1/2025,2,5801,0,COD,DELIVERED,Ahmedabad,11602,0,11602
897,169630016-044-1,2384,2/2/2025,2,5801,20,Net Banking,DELIVERED,Bhubaneswar,11602,2320.4,9281.6
898,186626958-330-2,2958,1/6/2025,3,2315,15,Credit Card,SHIPPED,Bengaluru,6945,1041.75,5903.25
899,186626958-330-2,4072,5/27/2025,4,2315,20,UPI,SHIPPED,Kolkata,9260,1852,7408
900,169630016-044-1,3434,3/21/2025,3,5801,20,UPI,SHIPPED,Gurgaon,17403,3480.6,13922.4
901,186626958-330-2,2996,6/17/2025,4,2315,0,Debit Card,DELIVERED,Ahmedabad,9260,0,9260
902,189870341-712-2,3395,4/2/2025,2,3311,0,Credit Card,DELIVERED,Bengaluru,6622,0,6622
903,184208283-330-54,1189,4/7/2025,1,2481,20,Debit Card,DELIVERED,Bhubaneswar,2481,496.2,1984.8
904,184208283-330-54,1504,2/28/2025,3,2481,5,Credit Card,CANCELLED,Kolkata,7443,372.15,7070.85
905,184208283-330-54,2214,2/28/2025,1,2481,20,Credit Card,SHIPPED,Mumbai,2481,496.2,1984.8
906,169630016-044-1,2531,2/17/2025,3,5801,20,Net Banking,PLACED,Bhubaneswar,17403,3480.6,13922.4
907,169630016-044-1,4440,6/18/2025,2,5801,10,Debit Card,PLACED,Bhubaneswar,11602,1160.2,10441.8
908,162799308-500-1,4480,1/13/2025,3,5801,10,Net Banking,SHIPPED,Kolkata,17403,1740.3,15662.7
909,162799308-500-1,1823,4/17/2025,2,5801,10,Credit Card,CANCELLED,New Delhi,11602,1160.2,10441.8
910,186626958-330-2,1928,2/14/2025,3,2315,5,UPI,DELIVERED,Bengaluru,6945,347.25,6597.75
911,184208283-330-54,1933,3/30/2025,2,2481,5,Credit Card,SHIPPED,Bengaluru,4962,248.1,4713.9
912,186626958-330-2,2140,6/19/2025,2,2315,20,Net Banking,SHIPPED,Mumbai,4630,926,3704
913,169630016-044-1,1133,4/10/2025,4,5801,10,Debit Card,DELIVERED,Kolkata,23204,2320.4,20883.6
914,189870341-712-2,3105,6/4/2025,2,3311,5,Debit Card,DELIVERED,Bengaluru,6622,331.1,6290.9
915,169630016-044-1,4627,6/15/2025,4,5801,0,Net Banking,PLACED,Bengaluru,23204,0,23204
916,162799308-500-1,1684,1/7/2025,2,5801,20,Debit Card,CANCELLED,Gurgaon,11602,2320.4,9281.6
917,186626958-330-2,3719,5/13/2025,1,2315,15,COD,DELIVERED,Bhubaneswar,2315,347.25,1967.75
918,162799308-500-1,3220,2/14/2025,2,5801,20,UPI,PLACED,Kolkata,11602,2320.4,9281.6
919,184208283-330-54,2852,2/27/2025,1,2481,15,UPI,DELIVERED,Mumbai,2481,372.15,2108.85
920,184208283-330-54,1814,1/31/2025,1,2481,10,UPI,PLACED,Bhubaneswar,2481,248.1,2232.9
921,162799308-500-1,2172,1/23/2025,2,5801,15,Debit Card,CANCELLED,Mumbai,11602,1740.3,9861.7
922,169630016-044-1,1079,6/19/2025,1,5801,10,Debit Card,CANCELLED,Ahmedabad,5801,580.1,5220.9
923,184208283-330-54,3933,5/18/2025,4,2481,0,Credit Card,DELIVERED,Chennai,9924,0,9924
924,184208283-330-54,4284,6/9/2025,3,2481,15,Credit Card,DELIVERED,Kolkata,7443,1116.45,6326.55
925,189870341-712-2,1202,4/17/2025,2,3311,20,UPI,SHIPPED,Mumbai,6622,1324.4,5297.6
926,186626958-330-2,3811,6/7/2025,1,2315,10,COD,CANCELLED,New Delhi,2315,231.5,2083.5
927,184208283-330-54,2252,2/8/2025,2,2481,20,Credit Card,DELIVERED,Mumbai,4962,992.4,3969.6
928,184208283-330-54,2699,6/8/2025,4,2481,5,Credit Card,DELIVERED,Gurgaon,9924,496.2,9427.8
929,184208283-330-54,2250,3/23/2025,2,2481,10,Debit Card,CANCELLED,Ahmedabad,4962,496.2,4465.8
930,186626958-330-2,2682,4/10/2025,2,2315,15,COD,CANCELLED,Gurgaon,4630,694.5,3935.5
931,162799308-500-1,2555,1/2/2025,1,5801,10,UPI,DELIVERED,Kolkata,5801,580.1,5220.9
932,189870341-712-2,4512,3/18/2025,4,3311,20,Credit Card,SHIPPED,Bhubaneswar,13244,2648.8,10595.2
933,169630016-044-1,4473,1/12/2025,3,5801,0,COD,CANCELLED,Kolkata,17403,0,17403
934,184208283-330-54,3094,2/8/2025,3,2481,10,COD,DELIVERED,Ahmedabad,7443,744.3,6698.7
935,169630016-044-1,2256,1/13/2025,1,5801,15,UPI,CANCELLED,Chennai,5801,870.15,4930.85
936,186626958-330-2,4376,2/15/2025,2,2315,5,COD,DELIVERED,New Delhi,4630,231.5,4398.5
937,162799308-500-1,2549,6/4/2025,1,5801,0,COD,SHIPPED,New Delhi,5801,0,5801
938,189870341-712-2,2166,4/23/2025,1,3311,5,COD,SHIPPED,Gurgaon,3311,165.55,3145.45
939,162799308-500-1,4486,1/17/2025,1,5801,10,Credit Card,DELIVERED,Kolkata,5801,580.1,5220.9
940,169630016-044-1,4584,4/14/2025,2,5801,20,UPI,DELIVERED,Bhubaneswar,11602,2320.4,9281.6
941,184208283-330-54,2396,4/8/2025,4,2481,20,COD,SHIPPED,Chennai,9924,1984.8,7939.2
942,186626958-330-2,4637,3/29/2025,1,2315,15,COD,DELIVERED,Bengaluru,2315,347.25,1967.75
943,162799308-500-1,4957,4/19/2025,2,5801,20,Credit Card,SHIPPED,Chennai,11602,2320.4,9281.6
944,186626958-330-2,4330,6/12/2025,4,2315,0,UPI,DELIVERED,Mumbai,9260,0,9260
945,184208283-330-54,3703,3/11/2025,1,2481,20,Debit Card,SHIPPED,Bhubaneswar,2481,496.2,1984.8
946,162799308-500-1,1470,6/7/2025,3,5801,15,Credit Card,PLACED,Ahmedabad,17403,2610.45,14792.55
947,189870341-712-2,4018,3/15/2025,4,3311,10,UPI,PLACED,Mumbai,13244,1324.4,11919.6
948,184208283-330-54,2035,3/4/2025,1,2481,10,COD,PLACED,Ahmedabad,2481,248.1,2232.9
949,186626958-330-2,2353,6/5/2025,4,2315,20,UPI,SHIPPED,Bengaluru,9260,1852,7408
950,189870341-712-2,3783,3/1/2025,4,3311,5,UPI,PLACED,New Delhi,13244,662.2,12581.8
951,162799308-500-1,3831,3/20/2025,4,5801,10,UPI,PLACED,New Delhi,23204,2320.4,20883.6
952,189870341-712-2,1967,2/6/2025,4,3311,20,Debit Card,CANCELLED,Kolkata,13244,2648.8,10595.2
953,184208283-330-54,1357,1/22/2025,4,2481,15,UPI,DELIVERED,Mumbai,9924,1488.6,8435.4
954,186626958-330-2,4019,5/28/2025,4,2315,20,Debit Card,SHIPPED,Chennai,9260,1852,7408
955,169630016-044-1,4479,4/6/2025,1,5801,10,COD,CANCELLED,Bengaluru,5801,580.1,5220.9
956,184208283-330-54,1667,3/9/2025,3,2481,15,Debit Card,PLACED,Bengaluru,7443,1116.45,6326.55
957,184208283-330-54,1372,1/17/2025,2,2481,20,COD,DELIVERED,Gurgaon,4962,992.4,3969.6
958,169630016-044-1,2031,1/12/2025,4,5801,0,COD,DELIVERED,Ahmedabad,23204,0,23204
959,186626958-330-2,2145,5/30/2025,2,2315,15,Debit Card,SHIPPED,Bhubaneswar,4630,694.5,3935.5
960,169630016-044-1,2371,5/25/2025,1,5801,0,Credit Card,SHIPPED,Mumbai,5801,0,5801
961,189870341-712-2,3723,5/18/2025,4,3311,5,Net Banking,SHIPPED,Kolkata,13244,662.2,12581.8
962,186626958-330-2,1089,4/28/2025,3,2315,15,UPI,SHIPPED,Bengaluru,6945,1041.75,5903.25
963,186626958-330-2,4719,1/22/2025,2,2315,0,Net Banking,DELIVERED,New Delhi,4630,0,4630
964,186626958-330-2,3745,4/30/2025,4,2315,10,UPI,PLACED,Bhubaneswar,9260,926,8334
965,162799308-500-1,4387,2/19/2025,1,5801,10,UPI,PLACED,Bhubaneswar,5801,580.1,5220.9
966,162799308-500-1,4249,1/14/2025,3,5801,5,COD,PLACED,Chennai,17403,870.15,16532.85
967,186626958-330-2,1539,6/24/2025,2,2315,15,UPI,SHIPPED,Chennai,4630,694.5,3935.5
968,162799308-500-1,3779,1/29/2025,2,5801,15,UPI,DELIVERED,New Delhi,11602,1740.3,9861.7
969,169630016-044-1,1868,6/13/2025,4,5801,15,Debit Card,PLACED,Chennai,23204,3480.6,19723.4
970,184208283-330-54,1040,6/29/2025,3,2481,5,Net Banking,DELIVERED,Chennai,7443,372.15,7070.85
971,186626958-330-2,1739,5/5/2025,3,2315,15,Debit Card,SHIPPED,Kolkata,6945,1041.75,5903.25
972,184208283-330-54,4775,1/7/2025,3,2481,10,UPI,PLACED,Ahmedabad,7443,744.3,6698.7
973,169630016-044-1,2946,1/29/2025,3,5801,0,COD,DELIVERED,New Delhi,17403,0,17403
974,169630016-044-1,3549,5/19/2025,1,5801,10,Debit Card,PLACED,Chennai,5801,580.1,5220.9
975,184208283-330-54,4006,2/2/2025,3,2481,10,Debit Card,DELIVERED,Chennai,7443,744.3,6698.7
976,169630016-044-1,4216,5/14/2025,2,5801,0,Credit Card,DELIVERED,Bengaluru,11602,0,11602
977,169630016-044-1,2224,4/21/2025,2,5801,10,UPI,SHIPPED,Gurgaon,11602,1160.2,10441.8
978,186626958-330-2,1928,3/20/2025,1,2315,5,COD,PLACED,New Delhi,2315,115.75,2199.25
979,186626958-330-2,3036,6/9/2025,2,2315,0,Debit Card,SHIPPED,Kolkata,4630,0,4630
980,189870341-712-2,4795,6/28/2025,2,3311,10,Debit Card,PLACED,Gurgaon,6622,662.2,5959.8
981,184208283-330-54,3508,2/27/2025,3,2481,20,COD,PLACED,Gurgaon,7443,1488.6,5954.4
982,162799308-500-1,3779,1/26/2025,2,5801,10,UPI,SHIPPED,Gurgaon,11602,1160.2,10441.8
983,162799308-500-1,3799,6/23/2025,1,5801,5,Credit Card,SHIPPED,Gurgaon,5801,290.05,5510.95
984,189870341-712-2,1924,1/29/2025,3,3311,15,Debit Card,DELIVERED,Bengaluru,9933,1489.95,8443.05
985,184208283-330-54,3956,1/4/2025,4,2481,10,Credit Card,DELIVERED,Bengaluru,9924,992.4,8931.6
986,184208283-330-54,2581,4/9/2025,3,2481,15,Net Banking,DELIVERED,New Delhi,7443,1116.45,6326.55
987,184208283-330-54,4618,5/21/2025,1,2481,20,UPI,PLACED,Bhubaneswar,2481,496.2,1984.8
988,186626958-330-2,4324,2/8/2025,3,2315,10,Net Banking,PLACED,Ahmedabad,6945,694.5,6250.5
989,186626958-330-2,1389,1/15/2025,3,2315,0,Net Banking,DELIVERED,Bhubaneswar,6945,0,6945
990,186626958-330-2,2617,4/29/2025,1,2315,15,Net Banking,DELIVERED,Bhubaneswar,2315,347.25,1967.75
991,189870341-712-2,3930,1/29/2025,3,3311,20,UPI,DELIVERED,New Delhi,9933,1986.6,7946.4
992,189870341-712-2,1255,6/6/2025,1,3311,0,UPI,SHIPPED,Bengaluru,3311,0,3311
993,189870341-712-2,1708,3/16/2025,1,3311,0,COD,DELIVERED,Kolkata,3311,0,3311
994,186626958-330-2,2838,4/26/2025,4,2315,0,Credit Card,DELIVERED,Gurgaon,9260,0,9260
995,169630016-044-1,2944,2/1/2025,2,5801,0,Credit Card,SHIPPED,Ahmedabad,11602,0,11602
996,162799308-500-1,3497,5/10/2025,2,5801,10,COD,SHIPPED,Gurgaon,11602,1160.2,10441.8
997,162799308-500-1,1009,6/24/2025,3,5801,10,COD,DELIVERED,Kolkata,17403,1740.3,15662.7
998,186626958-330-2,3871,3/25/2025,3,2315,10,Net Banking,SHIPPED,Bengaluru,6945,694.5,6250.5
999,189870341-712-2,1797,1/22/2025,4,3311,20,COD,SHIPPED,Ahmedabad,13244,2648.8,10595.2
1000,169630016-044-1,4313,1/27/2025,4,5801,20,Debit Card,DELIVERED,Bengaluru,23204,4640.8,18563.2
1001,10,4322,3/22/2025,4,3000,20,Credit Card,CANCELLED,Delhi,12000,2400,9600
1002,10,1876,5/6/2025,1,5000,5,COD,SHIPPED,Gurgaon,5000,250,4750
1003,14,2028,4/2/2025,4,2000,20,Debit Card,SHIPPED,Delhi,8000,1600,6400
1004,22,4190,1/21/2025,4,1500,10,Debit Card,PLACED,Kolkata,6000,600,5400
1005,22,2015,2/16/2025,3,7000,10,Debit Card,DELIVERED,Bengaluru,21000,2100,18900
1006,15,2824,4/11/2025,4,750,5,Debit Card,SHIPPED,Raipur,3000,150,2850
